,"Autor, Herausgeber oder Institution",Jahr ermittelt,Titel,Untertitel,Dokumententyp,Ort,Zeitschrift/Zeitung,Band,Nummer,Seiten von–bis
1,"Abrahams, Gabeba",1993,"The Grand Parade, Capetown: Archaeological Excavations of the Seventeenth Century Foort de Goede Hoop",,Zeitschriftenaufsatz,,The South African Archaeological Bulletin,,157,3–15
2,"Ahlberg, Nils",2013,Sweden 1521-1721: Town Planning and the Low Countries,,Beitrag in …,,,,,392–406
3,"Albrecht, Stephan",1993,Das Bremer Rathaus im Zeichen städtischer Selbstdarstellung vor dem 30-jährigen Krieg,,Buch (Monographie),Marburg,,Bd. 7,,
4,"Albrecht, Stephan",1997,"""Eine Fassade geht auf Reisen...""",Über die Geschäfte eines Bremer Steinmetzbetriebes mit dem Rat der Stadt Leiden,Zeitschriftenaufsatz,,Jahrbuch der Wittheit zu Bremen,1995/96,,69–74
5,"Albrecht, Stephan",2010,Against Building Typology: Why a Town hall doesn´t have to look like a Town Hall.,A Case Study on the Town Halls of Augsburg and Nuremberg,Beitrag in …,,,,,93–104
6,"Albrecht, Thorsten",2002,Fremde Künstler und Kunsthandwerker in Schaumburg,,Beitrag in …,,,,,153–188
7,"Angermann, Gertrud",1970,"Die Anfänge der Weserrenaissance in ihrer Verflechtung mit sozialen, wirtschaftlichen, politischen, religiösen und allgemein-geistigen Wandlungen des 16. Jahrhunderts.",,Buch (Monographie),Münster,,"Reihe I, Heft 15",,
8,Arbeitskreis für Hausforschung,2007,Naturstein als Baumaterial,,Buch (Sammelwerk),Marburg,,52,,
9,Arbeitskreis für Hausforschung,2010,Hausbau in Holland,Baugeschichte und Stadtentwicklung,Buch (Sammelwerk),Marburg,,61,,
10,Architekten- und Ingenieur-Verein Bremen,1900,Bremen und seine Bauten,,Buch (Sammelwerk),Bremen,,,,
11,"Augustyn, Wolfgang; Söding, Ulrich",2014,Dialog - Transfer - Konflikt,Künstlerische Wechselbeziehungen im Mittelalter und in der Frühen Neuzeit,Buch (Monographie),Passau,,33,,
12,"Bachmann, Jutta",1987,"""Eine Hafen-Anlage ist hier so nothwendig wie wir das Brod bedürfen"".",Die Mindener Häfen in ihrer historischen Entwicklung,Beitrag in …,,,,,355–375
13,"Bachmann, Jutta; Hartmann, Helmut",1987,"Schiffahrt, Handel, Häfen",Beiträge zur Geschichte der Schiffahrt auf Weser und Mittellandkanal,Buch (Sammelwerk),Minden,,,,
14,"Balk, G. L.; van Dijk, F.; Kortlang, D. J.; Gaastra, F. S.; Niemeijer, H. E.; Koenders, Pieter",2007,The archives of the Dutch East India Company (VOC) and the local institutions in Batavia (Jakarta),Arsip-arsip Verenigde Oostindische Compagnie (VOC) dan lembaga-lembaga pemerintahan kota Batavia (Jakarta) = De archieven van de Verenigde Oostindische Compagnie (VOC) en de locale instellingen te Batavia (Jakarta),Buch (Monographie),Leiden,,,,
15,"Barend-Van Haefften, M. L.",1996,Op reis met de VOC,De openhartige dagboeken van de zusters Lammens en Swellengrebel,Buch (Sammelwerk),Zutphen,,,,
16,"Bartels, Ulrich",2002,Schaumburg-Lippe und die Niederlande,Die Utrechter Kavalierstour des Grafen Friedrich Christian 1669/70,Beitrag in …,,,,,430–472
17,"Bartetzky, Arnold",2004,Das Bild des Baumeisters der 'Deutschen Renaissance' in der Kunstgeschichte,Entstehung und Zielsetzung dieses Buches,Beitrag in …,,,,,7–16
18,"Bartetzky, Arnold",2004,"Die Baumeister der ""Deutschen Renaissance""",Ein Mythos der Kunstgeschichte?,Buch (Sammelwerk),Beucha [Germany],,,,
19,"Bartetzky, Arnold",2004,"Mißverständnisse, Manipulationen und Mythen.","Anmerkungen zur Stellung des Baumeisters in der ""Deutschen Renaissance""",Beitrag in …,,,,,257–266
20,"Behr, Hans-Joachim",1987,Freiheit der Schiffahrt und Stapelzwang,Die Ausbildung des Stapelrechts an der Weser,Beitrag in …,,,,,51–73
21,"Bei der Wieden, Helge",2002,Die Bedrohung der Grafshaft Schaumburg vor und zu Beginn des Dreißigjährigen Krieges,,Beitrag in …,,,,,388–411
22,"Bei der Wieden, Helge",2014,Die letzten Grafen zu Holstein-Schaumburg,"Über gräfliche Familien, Bastarde und andere Themen",Buch (Monographie),Bielefeld,,72,,
23,"Belonje, J.",1974,Ein Haus der Grafschaft Bentheim in holländischen Akten,,Zeitschriftenaufsatz,,Das Bentheimer Land: Jahrbuch des Heimatvereins der Grafschaft Bentheim,,82,173–176
24,"Bers, Günter; Doose, Conrad",1994,Der italienische Architekt Alessandro Pasqualini (1493-1559) und die Renaissance am Niederrhein.,Kenntnisstand und Forschungsperspektiven. Tagungshandbuch.,Tagungsband,Jülich,,,,
25,"Bers, Günter; Doose, Conrad",1999,"Italienische Renaissancebaukunst an Schelde, Maas und Niederrhein",Stadtanlagen - Zivilbauten - Wehranlagen ; [II. Jülicher Pasqualini-Symposium vom 18. - 21. Juni 1998 in Jülich ; Tagungshandbuch],Buch (Sammelwerk),Jülich,,,,
26,"Bevers, Holm",1985,"Das Rathaus von Antwerpen, 1561-1565",Architektur und Figurenprogramm,Buch (Monographie),Hildesheim; New York,,Bd. 28,,
27,"Bischop, Dieter",2005-2008,Werften und Wracks am Weserufer,Vorbericht über die Grabung Beluga auf dem Teerhof 2007,Beitrag in …,,,,,93–110
28,"Bischop, Dieter; Jäger, Daniela",2005-2008,Der Balge auf der Spur -,Ausgrabungen 2004/2005 beiderseits der Langenstraße,Beitrag in …,,,7,,187–198
29,"Blaeu, Joan",ca. 1649,Toonneel der steden van de Vereenighde Nederlanden,Met hare Beschrijvinge,Buch (Monographie),,,,,
30,"Blockmans, Wim; van Voss, Lex Heerma",1996,Urban networks and emerging states in the North Sea and Baltic Areas: a maritime culture?,,Beitrag in …,,,,,10–20
31,"Blok, Gerard A. C.",1937,Pieter Post 1608-1669,Der Baumeister der Prinzen von Oranien und des Fürsten Johann Moritz von Nassau-Siegen,Buch (Monographie),Siegen,,,,
32,"Blussé, L.",1985,An insane administration and an unsanitary town: The Dutch East India Company and Batavia (1619-1799),,Beitrag in …,,,,,65–85
33,"Blussé, L.",1986,Batavia 1619-1740,The Rise and Fall of a Chinese Colonial town,Beitrag in …,,,,,73-96/262f.
34,"Blussé, L.",1986,Strange company,"Chinese settlers, mestizo women and the Dutch in VOC Batavia",Buch (Sammelwerk),Dordrecht,,,,
35,"Blussé, L.",1986,Testament to a Towkay,"Jan Con, Batavia and the Dutch China Trade",Beitrag in …,,,,,49-72/261f.
36,"Bock, Helmut; Schmidt, Liesel",5 - 10.09. 2010,Bridging space and time,Aspects of the Batavia saga as an homage to the outgoing IAEG pesident and his predecessor,Beitrag in …,,,,,
37,"Bom, J. A. L.",1940,De Stadhuisgievel,,Zeitschriftenaufsatz,,Leidsch Jaarboekje,,,97–112
38,"Bonke, A. J.",1986,De Oostelijke Eilanden: de Aanleg van een Zeventiende-Eeuws Industriegebiet,,Beitrag in …,,,,,37–61
39,"Bonke, A. J.",1986,Oostenburg: een Amsterdamse Aarbeidersbuurt 1663-1800,,Beitrag in …,,,,,145–172
40,"Borggrefe, Heiner",1995,Die Residenz Bückeburg,Architekturgestaltung im frühneuzeitlichen Fürstenstaat,Buch (Monographie),Marburg,,16,,
41,"Borggrefe, Heiner; et al.",2002,Hans Vredemann de Vries und die Renaissance im Norden,,Buch (Sammelwerk),Lemgo/München,,,,
42,"Borggrefe, Heiner; et al.",2005,Hans Vredeman de Vries und die Folgen. Ergebisse des in Kooperation mit dem Muzeum Miasta Gda´nska durchgeführten internationalen Symposions am Weserrenaissance-Museum Schloß Brake,,Buch (Sammelwerk),Marburg,,3,,
43,"Borggrefe, Heiner; Lüpkes, Vera; Ottomeyer, H.",1998,Moritz der Gelehrte. Ein Renaissancefürst in Europa,Ausstellungskatalog Lemgo/Kassel,Buch (Sammelwerk),Eurasburg,,,,
44,"Bosboom, H. D. H.",1902,Tekeningen van het oude Batavia II.,,Zeitschriftenaufsatz,,"Tijdschrift voor Indische Taal-, Land- en Volkenkunde",,45,193–256
45,"Boxer, Ch. R.",1977,The Dutch Seaborne Empire 1600 - 1800,,Buch (Monographie),London,,,,
46,"Brandes, J.",1900,Van oud Batavia,Losse mededeelingen,Zeitschriftenaufsatz,,"Tijdschrift voor Indische Taal-, Land- en Volkenkunde",,42,105–130
47,"Brandes, J.",1901,Een plattegrond van Batavia van 1632,,Zeitschriftenaufsatz,,"Tijdschrift voor Indische Taal-, Land- en Volkenkunde",,43,249–274
48,"Breuning, H. A.",1954,Het voormalige Batavia,een Hollandse stedestichting in de tropen. Anno 1619,Buch (Monographie),Amsterdam,,,,
49,"Brink, Trudi",2013,Ontworpen voor de eeuwigheid. De memoriesculptuur voor Joost Sasbout en Catharina van der Meer in de Eusebiuskerk te Arnhem,,Zeitschriftenaufsatz,,Bulletin KNOB,112,3,152–165
50,"Broebes, Jean Baptiste",2000,Vue des Palais et Maisons de Plaisance de sa Majesté le Roy de Prusse.,"Prospekte der Paläste und Lustschlösser seiner Königlichen Majestät in Preussen. Neudruck der Ausgabe Augsburg 1733, kommentiert von Fritz-Eugen Keller",Buch (Monographie),Nördlingen,,,,
51,"Brommer, Bea",1988,Oud Batavia gecarteerd,De eerste grote stadtsplattegronden in de 17de eeuw,Beitrag in …,,,,,86–93
52,"Bruijn, Jaap",2011,Commanders of Dutch East India Ships in the Eighteenth Century,,Buch (Monographie),Boydell,,,,
53,"Bruijn, Jaap; Fusenig, Thomas; Schöffer, I. S.",1979,Dutch-Asiatic Shipping in the 17th and 18th Century. Homeward-bound voyages from Asia and the Cape to the Netherlands (1597-1795),,Buch (Sammelwerk),Den Haag,,167,,
54,"Bruijn, Jaap; Gaastra, F. S.; Schöffer, I. S.",1979,Dutch-Asiatic Shipping in the 17th and 18th Century. Outward-bound voyages from the Netherlands to Asia and the Cape (1595-1794),,Buch (Sammelwerk),Den Haag,,166,,
55,"Bruijn, Jaap; Gaastra, F. S.; Schöffer, I. S.",1987,Dutch-Asiatic Shipping in the 17th and 18th centuries,Introductory Volume I,Buch (Monographie),Den Haag,,165,,
56,"Büchner, Martin",2014,Gesteine in historischem Mauerwerk,Eine Baustoffkunde des Kreises Herford und angrenzender Gebiete,Zeitschriftenaufsatz,,Historisches Jahrbuch für den Kreis Herford,,22,111–139
57,"Bulst, Neithard, Kastler, José, Rüthing, Heinrich",2001,"Die Weser - Ein Fluß in Europa : Symposionsband zur Wirtschafts- und Kulturgeschichte des Weserraums in der Frühen Neuzeit ; Beiträge zum IX. Symposion des Weserrenaissance-Museums Schloß Brake vom 15. und 16. Januar 1999 in Schloß Brake, veranstaltet in Zusammenarbeit mit der Fakultät für Geschichtswissenschaft und Philosophie der Universität Bielefeld",,Buch (Sammelwerk),,,,,
58,"Bürger, Stefan, Klein, Bruno, Schröck, Katja",2013,Kirche als Baustelle,Grosse Sakralbauten des Mittelalters,Buch (Sammelwerk),"Köln, Weimar, Wien",,,,
59,"Büttner, Nils; Meier, Esther",2011,Grenzüberschreitung,Deutsch-niederländischer Kunst- und Künstleraustausch im 17. Jahrhundert,Buch (Sammelwerk),Marburg,,,,
60,"Byvanck, A. W. (u.a.)",2010,"Nederlands kunsthistorisch jaarboek, Netherlands year-book for history of the arts",,Buch (Sammelwerk),Zwolle,,59,,
61,"Claridge, W. Walton",1964,A History of The Gold Coast and Ashanti from the Earliest times to the Commencement of the Twentieth Century,,Buch (Monographie),,,,,
62,"Claridge, William",1964,A History of the Gold Coast and Ashanti from the earliest times to the commencement of the twentieth century,,Buch (Monographie),London,,Bd. 1,,
63,"Claridge, William",1964,A History of the Gold Coast and Ashanti from the earliest times to the commencment of the twentieth century,,Buch (Monographie),London,,Bd. 2,,
64,"Cobban, J. L.",1971,Geographic notes on the first two centuries of Jakarta,,Zeitschriftenaufsatz,,Journal of the Malaysian Branch of the Royal Asiatic Society,,44,108–150
65,"Colenbrander, H. T.",1919-1934,Jan Pieterz Coen,Bescheiden omtrent zijn bedrijf in Indie,Buch (Monographie),s'Gravenhage,,,,
66,"Coolhaas, W. Ph.",1960,Generale Missiven van Gouverneursgeneraal en Raden aan Heren XVII der Verenigde oostindische Compagnie,,Buch (Monographie),Den Haag,,,,
67,"Coolhaas, W. Ph.",1980,A Critical Survey of Studies on Dutch Colonial History,,Buch (Monographie),Den Haag,,4,,
68,"Coolhaas, Willem Ph.",1960,Generale Missiven van gouverneursgeneral en Raden aan Heren XVII der Verenigde Oostindische Compagnie,,Buch (Monographie),Den Haag,,1,,
69,"Davids, Karel",1993,"Technological change an the economic expansion of the Dutch Republic, 1580-1680",,Beitrag in …,,,,,79–103
70,"Davids, Karel; Noordegraaf, L.",1993,The Dutch economy in the Golden Age,Nine studies,Buch (Sammelwerk),Amsterdam,,,,
71,"Degenhard, U.",1987,Entdeckungs- und Forschungsreisen im Spiegel alter Bücher,,Buch (Monographie),Stuttgart-Bad Cannstadt,,,,
72,Der Landesarchäologe Bremen,2005-2008,Bremer Archäologische Blätter,,Buch (Sammelwerk),,,7,,
73,"Dillen, J. G. van",1958,Het oudste aandeelhoudersregister van de kamer Amsterdam der VOV,,Buch (Monographie),s'Gravenhage,,14,,
74,"Dissel, Anita M. C. van; Bruijn, Jaap",1994,By de Marva,Vrouwelijke milirairen in dienst van de Koninklije Marine 1944-1982,Buch (Monographie),Amsterdam; s'Gravenhage,,,,
75,"Doorninck, Jan I. van",1883,Boustoffen voor eene handelgeschiedenis van Overijssel,,Beitrag in …,,,,,
76,"Doorninck, Jan I. van; Uitterdijk, J. N.",1883,Bijdragen tot de geschiedenis van Overijssel,,Buch (Sammelwerk),Zwolle,,9,,
77,"Doperé, Frans",2007,Technische Zeichen auf Werksteinen an mittelalterlichen Bauwerken,,Beitrag in …,,,52,,153–166
78,"Doperé, Frans; Karel Emmens",2013,Steenhouwtechnieken in de Onze-Lieve-Vrouwekerk in Breda. Detailanalyse van de bouw van het koor.,,Zeitschriftenaufsatz,,Bulletin KNOB,112,3,166–182
79,"Dröge, Jan",2010,"Bauvorschriften, Versteinerung und Subvention","Das Leidener ""Ontwerpkeurboek"" von 1607 als Quelle für die Baugeschichte",Beitrag in …,,,,,267–276
80,"Edel, Ludwig",1962,Neue Bibliographie des landes- und heimatkundlichen Schrifttums über die Grafschaft Bentheim,,Buch (Sammelwerk),,,54,,
81,"Ehling, Angela",2009,Bausandsteine in Deutschland,Grundlagen und Überblicke,Buch (Sammelwerk),Stuttgart,,1,,
82,"Ehling, Angela; Siedel, Heiner",2011,Bausandsteine in Deutschland,"Sachsen-Anhalt, Sachsen und Schlesien (Polen)",Buch (Sammelwerk),Stuttgart,,2,,
83,"Ehmck, D. R., Schumacher, H. U.",1866,Das Rathaus zu Bremen,,Zeitschriftenaufsatz,,Bremisches Jahrbuch,2,,259–443
84,"Ehrenpreis, Stefan",2010,Protestantische Kaufleute als Grenzgänger zwischen dem Rheinland und den Niederlanden im 16. und 17. Jahrhundert,,Beitrag in …,,,,,223–236
85,"Ekkart, R. E. O.",1979,De Prooi der Vlammen,Bij de Stadhuisbrand van 1929 verloren gegenae schilderijen,Zeitschriftenaufsatz,,Leids Jaarboekje,,,113–136
86,"Elias, Johan E.",1963,De Vroedschap van Amsterdam 1578-1795,,Buch (Monographie),Amsterdam,,,,
87,"Ellmers, Detlev",1987,Frühe Schiffahrt auf Ober- und Mittelweser und ihren Nebenflüssen,Neue Forschungsergebnisse der Schiffsarchäologie,Beitrag in …,,,,,17–50
88,"Epheson, Isaac S.",1970,Ancient Forts and Castles of the Gold Coast (Ghana),,Buch (Monographie),Accra,,,,
89,"Fimpel, Martin",2002,Abhängigkeit von der Außenwelt,Vier kaiserliche Kommissionen in Schaumburg-Lippe im 18. Jahrhundert,Beitrag in …,,,,,473–508
90,"Fischer, P. M.; Munnig Schmidt, E.",2005,Ignatius en Jan van Logteren,Beeldhouwers en stuckunstenaars in het Amsterdam van de 18de eeuw,Buch (Monographie),Alphen aan den Rijn,,,,
91,"Focke, Johann",,Bremische Werkmeister aus älterer Zeit,Als Beitrag zur Nordwestdeutschen Gewerbe- und Industrie-Ausstellung in Bremen,Buch (Monographie),,,,,
92,"Focke, Johann",1888,Die Werkmeister des Rathausumbaus,,Zeitschriftenaufsatz,,Bremisches Jahrbuch,,14,129–171
93,"Focke, Johann",1892,Die Alte Börse und ihre Erbauer,,Zeitschriftenaufsatz,,Bremisches Jahrbuch,,16,131–162
94,"Forssman, Erik",1956,Säule und Ornament,Studien zum Problem des Manierismus in den nordischen Säulenbüchern und Vorlagenblättern des 16. und 17. Jahrhunderts,Buch (Monographie),Uppsala,,,,
95,"Fremantel, Katharine",1959,The baroque Town Hall of Amsterdam,,Buch (Monographie),Utrecht,,IV,,
96,"Fuhrmann-Plemp van Duiveland, M. R. C.",1972,Die gefahrvolle Reise des Kapitän Bontekoe und andere Logbücher und Schiffsjournale holländischer Seefahrer des 17. Jahrhunderts,,Buch (Monographie),Tübingen/Basel,,,,
97,"Fuhrmann-Plemp van Duiveland, M. R. C.",1976,Der Untergang der Batavia und andere Schiffsjournale und Originalberichte aus der großen Zeit der niederländischen Seefahrt im 17. und 18. Jahrhundert,,Buch (Monographie),Tübingen/Basel,,,,
98,"Fusenig, Thomas",2011,Künstlerische Beziehungen zwischen den Niederlanden und dem Nordwesten des Hl. Römischen Reiches im späten 16. und 17. Jahrhundert,,Beitrag in …,,,,,23–44
99,"Gaastra, F. S.",1986,Arbeid op Oosteburg.,Het Personeel van de Kamer Amsterdam van de Verenigde Oostindische Compagnie,Beitrag in …,,,,,65–80
100,"Gaastra, F. S.",1988,Die Vereinigte Ostindische Compagnie der Niederlande - ein Abriß ihrer Geschichte,,Beitrag in …,,,,,1–89
101,"García García, Bernhardo J.",2013,The Cross-Influences in Architectural Patronage between Spain and the Low Countries as revealed in the Letters of Infanta Isabel Clara Eugenia (1598-1621),,Beitrag in …,,,,,177–193
102,"Gast, Koos de",1998,"""... ten dienste van de commercie""",Vierhondert jaar Beurs in Rotterdam,Buch (Monographie),Rotterdam,,,,
103,"Gelder , Roelof van",2004,Das ostindische Abenteuer,Deutsche im Dienste der Vereinigten Ostindischen Kompanie der Niederlande (VOC) 1600 - 1800,Buch (Monographie),"Bremerhaven, Hamburg",,61,,
104,"Gerritsen, Elske",2006,Zeventiende-eeuwse architectuurtekeningen,De tekeningen in de ontwerp- en bouwpraktijk in de Nederlandse Republiek,Buch (Monographie),Zwolle,,11,,
105,"Ginkel, N. C. F. van",1937,"Uit het particuliere leven van Daniel van der Meulen, Heer van Ramt",,Zeitschriftenaufsatz,,Leidsch Jaarboekje,,,73–91
106,"Goslinga, Cornelis C.",1971,The Dutch in the Carribean and on the Wild Coast 1580-1680,,Buch (Monographie),Assen,,,,
107,"Gramatzki, Rolf",1994,Das Rathaus in Bremen,Versuch einer Ikonologie,Buch (Monographie),Bremen,,,,
108,"Green, J. N.",,De poort van Batavia,,Zeitschriftenaufsatz,,Spiegel historiael: magazine voor geschiedenis en archeologie,1981,16:3,163–172
109,"Green, J. N.",1989,"The loss of the Vereningde Oostindische Compagnie retourschip BATAVIA, Western Australia 1629",An excavation report and catalogue of artefacts,Buch (Monographie),Oxford,,489,,
110,"Greig, Doreen",1987,The reluctant Colonists,Netherlanders abroad in the 17th and 18th centuries,Buch (Monographie),"Assen (NL), New Hampshire (USA)",,,,
111,"Groot, Hans",2009,Van Batavia naar Weltevreden,Het Bataviaasch Genootschap van Kunsten en Wetenschappen 1778-1867,Buch (Monographie),Leiden,,,,
112,"Gross, Detlev Gerhard; Ulrich, Peter",2001,Bremer Häuser erzählen Geschichte,,Buch (Sammelwerk),Bremen,,2,,
113,"Gugel, E.",1915-1918,Geschiedenis van de Bouwstijlen in de Hoodttijdperken der Architectuur,,Buch (Monographie),,,,,
114,"Günter, Hubertus",1988,Deutsche Architekturtheorie zwischen Gotik und Renaissance,,Buch (Monographie),Darmstadt,,,,
115,"Haan, F. de",1900,Uit Oud Batavia - Kota Tahi,,Buch (Monographie),Batavia,,,,
116,"Haan, F. de",1935,Oud-Batavia,,Buch (Monographie),Bandung,,,,
117,"Häberlein, Mark; Jeggle, Christof",2010,Praktiken des Handels,Geschäfte und soziale Beziehungen europäischer Kaufleute in Mittelalter und früher Neuzeit,Buch (Sammelwerk),Konstanz,,,,
118,"Hagels, Hermann",1962,Die Tätigkeit holländischer Baumeister in der Grafschaft Bentheim zur Zeit des Grafen Ernst-Wilhelm,,Zeitschriftenaufsatz,,Das Bentheimer Land: Jahrbuch des Heimatvereins der Grafschaft Bentheim,54,,54–69
119,"Hagels, Hermann",1970,Das Steinhauergewerbe in der Grafschaft Bentheim,Eine zusammenfassende Betrachtung,Zeitschriftenaufsatz,,Das Bentheimer Land: Jahrbuch des Heimatvereins der Grafschaft Bentheim,LXI (61),,88–91
120,"Hahn, Peter",1988,450 Jahre Haus Schütting,Sitz der Handelskammer Bremen,Buch (Monographie),Bremen,,,,
121,"Hamm, , F.",1957,Fernhandel früherer Zeiten mit niedersächsischen Gesteinen,,Zeitschriftenaufsatz,,Beiträge zur Naturkunde Niedersachsens,,10,27–32
122,"Harnack, Ina",1989,Der Bremer Stein - Ein Stein macht Geschichte,,Buch (Monographie),Bremen,,,,
123,"Hart, Vaughan; Hicks, Peter",1998,Paper palaces,The rise of the renaissance architectural treatise,Buch (Sammelwerk),London; New Haven,,,,
124,"Hazewinkel, H. C.",1942,Geschiedenis van Rotterdam,,Buch (Monographie),Amsterdam,,2,,
125,"Hazewinkel, H. C.",1942,Geschiedenis van Rotterdam,,Buch (Monographie),Amsterdam,,3,,
126,"Heer, Jan de",2000,Het architectuurloze tijdperk: de torens van Hendrick de Keyser an de horizon van Amsterdam,Age without architecture: The towers of Hendrick de Keyser and the horizon of Amsterdam,Buch (Monographie),Amsterdam,,,,
127,"Heeres, J. E.",1887,dagregister gehouden int casteel batavia van passendere daer te plaetse als over geheel nederlands-india,,Buch (Monographie),,,,,
128,"Heil, Georg",1987,Gegen den Strom,Über den Menschen- und Pferdelinienzug,Beitrag in …,,,,,143–170
129,"Heil, Georg",2001,"""Einkauffung, Abfuhr und Verhandtlung der Bückeburger Rauh: und Hawensteine""","Gewinnung, Transport und Handel von Oberkirchener Sandstein1528-1640",Beitrag in …,,,,,151–188
130,Heimatverein der Grafschaft Bentheim,,Das Bentheimer Land,Jahrbuch des Heimatvereins der Grafschaft Bentheim,Buch (Sammelwerk),,,,,
131,Heimatverein der Grafschaft Bentheim,2009,Bentheimer Jahrbuch 2010,Das Bentheimer Land,Buch (Sammelwerk),Bad Bentheim,,195,,
132,"Heuvel, Charles van den",,Architectuurmodellen en voorstellingen van een logische oorde - Stevin en - Ramus,,Zeitschriftenaufsatz,,Feit & Fictie,2,,95–111
133,"Heuvel, Charles van den",,De Huysbou en de Crychconst van Simon Stevin,Nieuwe theorieen van de Hollandse stad en var haar verdediging,Zeitschriftenaufsatz,,De zeventiende eeuw,1994,10,79–92
134,"Heuvel, Charles van den",1991,"""Papiere bolwercken""",De introductie van de Italiaanse stede- en vestingbouw in de Nederlanden (1540 - 1609) en het gebruik van tekeningen,Buch (Monographie),Alphen aan den Rijn,,,,
135,"Heuvel, Charles van den",1994,Stevins 'Huysbou' en het onvoltooide Nederlandse architectuurtractaat,De praktijk van het bouwen als wetenschap,Zeitschriftenaufsatz,,KNOB (Bulletin KNOB),93,1,1–18
136,"Heuvel, Charles van den",1996,"De Huysbou, de crychconst en de wysentijt","Stevins teksten over architectuur, stede- en vestinbouw in het licht van zijn  wetenschappelijk oeuvre",Beitrag in …,,,,,44–70
137,"Heuvel, Charles van den",2005,"De Huysbou. A reconstruction of an unfinished treatise on architecture, town planning and civil engineering by Simon Stevin",,Buch (Monographie),Amsterdam,,,,
138,Historische Kommission für Niedersachsen und Bremen,2008,Niedersäschsiches Jahrbuch für Landesgeschichte,Begrenzte Ressourcen. Der Umgang mit Rohstoffen und Energie im Mittelalter und in der Neuzeit,Buch (Sammelwerk),Hannover,,80,,
139,"Hohl, J. J.",1864,"Einige Notizen über die früheren Versammlungsplätze und ""Börsen"" der bremischen Kaufleute",,Zeitschriftenaufsatz,,Courier,19,287,1–2
140,"Höing, Hubert",2002,Schaumburg und die Welt,Zu Schaumburgs auswärtigen Beziehungen in der Geschichte,Buch (Sammelwerk),Bielefeld,,61,,
141,"Hollestelle, Johanna",1988,"Uit de bouwrekening van Middachten, 1695-1698",,Beitrag in …,,,,,187–195
142,"Holt, Jan ten",2009,Altsächsische Runen und Bentheimer Steinmetzzeichen in der Euregio,Die niedersächsische Entwicklung vom Schriftzeichensymbol zur Hand- und Hausmarke,Beitrag in …,,,195,,23–40
143,"Hooyer, G. B.",1919,De bouw van Batavia's veste,,Beitrag in …,,,,,21–48
144,"Huisken, Jacobine; Ottenheym, Konrad A.; Schwartz, Gary",1995,Jacob van Campen,Het klassieke ideaal in de Golden Eeuw,Buch (Monographie),Amsterdam,,,,
145,"Hulshoff, Pol E.",,Boucken op't Secreets Plantijndrukken op het Raadhuis te Leiden,,Zeitschriftenaufsatz,,Leids Jaarboekje,1972,,89–97
146,"Hundertmark, Hein F. G.",,A Temporary Spire for Eternity: The Buurtower of Utrecht,"De Utrechtse Buurtoren, een tijdelijke spits voor eeuwig",Zeitschriftenaufsatz,,KNOB (Bulletin KNOB),2006,"105, 3",61–72
147,"Hundertmark, Hein F. G.",2010,"Das achte Weltwunder: Das ehemalige Rathaus am Dam, heute der Königliche Palast in Amsterdam",,Beitrag in …,,,,,113–130
148,"Hundertmark, Hein F. G.",2013,Zandsteen als architectonische expressie,Bouwhistorisch onderzoek in het koninklijk paleis Amsterdam,Zeitschriftenaufsatz,,Bulletin KNOB,,2,80–88
149,"Hündorf, Paul",1887,"Die Steinhauer-Zunft zu Obernkirchen, ein Beitrag zur Geschichte des Zunftwesens, Inaugural-Dissertation... von Paul Hündorf,..",,Buch (Monographie),Halle a. S,,,,
150,"Hurx, Merlijn",2007,Middeleeuwse 'prefab' in de Nederlanden? De Hollandse kerken van de Antwerpse loodsmeester Evert Spoorwater,,Zeitschriftenaufsatz,,KNOB (Bulletin KNOB),106,3,112–134
151,"Hurx, Merlijn",2009,Architecten en gildewang: vernieuwingen in de ontwerppraktijk in de vijftiende en zestiende eeuw?,,Zeitschriftenaufsatz,,KNOB (Bulletin KNOB),108,1,1–18
152,"Hurx, Merlijn",2013,Architect en aannemer,De opkomst van de bouwmarkt in de Nederlanden 1350-1530,Buch (Monographie),Nijmegen,,,,
153,"Hurx, Merlijn",2013,City Churches in Holland,Combining Ambition with Pragmatic Building Strategies (1350 - 1550),Beitrag in …,,,,,182–195
154,"Husmeier, Gudrun",2002,Graf Otto IV. von Holstein-Schaumbrug (1517 - 1576),"Landesherrschaft, Reichspolitik und Niederländischer Aufstand",Buch (Monographie),Bielefeld,,60,,
155,"Husmeier, Gudrun",2002,Schaumburg und die spanische Krone,Graf Otto IV. zu Holstein-Schaumburg (1517-1576) in Diensten einer Universalmacht,Beitrag in …,,,,,335–372
156,"Ijzermann, J. W.",1917,Over de belegering van het fort Jacatra (sic) (22 Dec. 1618 - 1 Febr. 1619,,Zeitschriftenaufsatz,,"Bijdrage tot de Taal-, Land en Volkenkunde",,73,558–679
157,"Iken, J. Fr.",1900,Das ehemalige St. Jürgen-Gasthaus in Bremen - Seite - Digitale Sammlungen,,Zeitschriftenaufsatz,,Bremisches Jahrbuch,19,,145–171
158,International Association for Engineering Geology,5 - 10.09. 2010,"Proceedings of the 11th congress of the International Association for Engineering Geology (IAEG), 5-10 September 2010",,Buch (Sammelwerk),Auckland (NZ),,,,
159,"Janse, Herman",1979,"Het geslacht Vennecool, bouwmeesters en handelaren in bouwmaterialien",,Zeitschriftenaufsatz,,Bulletin KNOB,78,1,39–40
160,"Janse, Herman; Vries, D. J. de",1991,Werk en merk van de steenhouwer,Het steenhouwersambacht in de Nederlanden voor 1800,Buch (Monographie),Zwolle,,,,
161,"Jeeninga, Willeke",1995,Het Oostindisch Huis en het Sint Jorishof te Amsterdam,The East Indies House and St Jorishof,Buch (Monographie),Zwolle,,,,
162,"Jehee, J. J.",2002,De plaats van de grote zaal in het Oost-Indisch Huis te Amsterdam,Wat zegt het gebouw nu self?,Zeitschriftenaufsatz,,KNOB (Bulletin KNOB),101,2,41–48
163,"Jesse, H. J.",1936,In Memoriam het leidsche Stadhuis en wat er nog overbleef ...,,Zeitschriftenaufsatz,,Leidsch Jaarboekje,,,33–95
164,"Johannsen, Brigitte Boggild",2013,Promising Enterprises and Broken Dreams: An Early Incident of Netherlandish Architectural Import in sixteenth-century Denmark,,Beitrag in …,,,,,262–276
165,"Johannsen, Hugo",2013,The Steenwinckels: The Success Story of a Netherlandish Immigrant Family in Denmark,,Beitrag in …,,,,,128–141
166,"Jolly, Anna",1999,Netherlandish Sculptors in Sixteenth-Century Northern Germany and Their Patrons,,Zeitschriftenaufsatz,,Simiolus: Netherlands Quarterly for the History of Art,27,3,p 119-143
167,"Jongbloet-van Houtte, Gisela",1986,Brieven an andere bescheiden betreffende Daniel van der Meulen 1584 - 1600,Deel I augustus 1584 - spetember 1585,Buch (Monographie),´s-Gravenhage,,,,
168,"Jonge, Krista de",,The Court Architect as Artist in the Southern Low Countries 1520-1560,,Zeitschriftenaufsatz,,Netherlands Yearbook for History of Art,2009,59,113–138
169,"Jonge, Krista de",2010,The Court Architects as Artists in the Southern Low Countries 1520 - 1560,,Beitrag in …,,,59,,110–135
170,"Jonge, Krista de",2013,Nederlandish Models from the Habsburg Sphere: From Spain to Germany and Denmark,,Beitrag in …,,,,,237–262
171,"Jonge, Nienke de; Kuijk Leonoor; Oskamp, Liesbeth",1993,Echt relaas van de muiterij op het OOstindisch Compagnieschip Nijenburg,Vor het eerst verschenen in 1764,Buch (Sammelwerk),Amsterdam,,,,
172,"Jonker, Michiel; Noordegraaf, L.; Wagenaar, Michiel",1984,Van stadskern tot stadsgewest,Stedebouwkundige geschiedenis van Amsterdam,Buch (Sammelwerk),Amsterdam,,,,
173,"Kalus, Maximilian",2010,Pfeffer - Kupfer - Nachrichten,Kaufmannsnetzwerke und Handelsstrukturen im europäisch-asiatischen Handel am Ende des 16. Jahrhunderts,Buch (Monographie),Augsburg,,,,
174,"Kastler, José; et al.",2000,Die Weser. Ein Fluß in Europa. Aufbruch in die Neuzeit,,Buch (Sammelwerk),Holzminden,,,,
175,"Kavaler, Ethan Matt",2013,The Diaspora of Netherlandish Sculptors in the Second Half of the Sixteenth Century,,Beitrag in …,,,,,89–102
176,"Kernkamp, J. H.",1970,Ontmoetingen op het Rapenburg en Omgeving in het Heden en het Verleden,,Zeitschriftenaufsatz,,Leids Jaarboekje,,,89–100
177,"Kers, G. F. E.",1930,De Stadhuisbrand van 12 Februari 1929,,Zeitschriftenaufsatz,,Leidsch Jaarboekje,,,41–49
178,"Keweloh, Hans-Walter",1987,"Das Lattenboot eines Mindener Weserfischers im Mindener Museum für Geschichte, Landes- und Volkskunde",,Beitrag in …,,,,,137–141
179,"Keweloh, Hans-Walter",1987,Die Flößerei auf der Weser,,Beitrag in …,,,,,171–185
180,"Keyser, Hendrick de; Danckerts, Cornelis; Bray, Salomon de",1631,Architectura Moderna ofte Bouwinge van onsen Tyt,,Buch (Monographie),Amsterdam,,,,
181,"Kiem, Karl",1996,Ideal und Wirklichkeit,"Die Identifizierung des Entwurfs für die Waage  von Haarlem: Lieven de Key, 1598",Zeitschriftenaufsatz,,Architectura,26,,24–32
182,"Kirsch, P.",1994,Die Reise nach Batavia,Deutsche Abenteuer in Ostindien 1609-1695,Buch (Monographie),Hamburg,,,,
183,"Kist, J. B.",1986,De VOC op Oostenburg,Gebouwen en Terreinen,Beitrag in …,,,,,13–34
184,"Kist, J. B., u.a.",1986,Van VOC tot Werkspoor,Het Amsterdamse industrieterrein Oostenburg,Buch (Sammelwerk),Utrecht,,,,
185,"Klein, P. W.; Veluwenkamp, Jan Willem",1993,The role of the entreprenuer in the economic expansion of the Dutch Republic.,,Beitrag in …,,,,,27–54
186,"Klein, Ulrich",2007,Die Beschreibung von Werksteinoberflächen,,Beitrag in …,,,52,,81–93
187,"Klimpel, Paul; Euler, Ellen",2014,Der Vergangenheit eine Zukunft,Kulturelles Erbe in der digitalen Welt,Buch (Sammelwerk),Berlin,,,,
188,"Kloft, Hans; Scholl, Lars U.; Wefer, Gerold",2008,Innovationen aus Bremen,"Persönlichkeiten aus Kultur, Technik und Wirtschaft",Buch (Sammelwerk),Bremen,,,,
189,"Knoll, Martin",2010,Fließende Grenzen. Zur Rolle von Flüssen bei der Repräsentation historisch-topografischer Räume der Frühen Neuzeit,,Beitrag in …,,,,,109–129
190,"Kolks, Zeno",2010,Die Anwendung des Bentheimer Sandsteins außerhalb der Grafschaft Bentheim (XX),Die Fassade des Rathauses in Deventer,Zeitschriftenaufsatz,,Bentheimer Jahrbuch 2011,200,,132–136
191,"Kolman, Chris, Stenvert, Ronald",1994,Nieuwe vormen en traditionele bouw: het Vleeshuis te Kampen in het midden van de 16de eeuw,,Zeitschriftenaufsatz,,KNOB (Bulletin KNOB),93,3,81–99
192,"König, Marieanne von; Volz, Wolfgang",2006,Herrenhausen,Die Königlichen Gärten in Hannover,Buch (Monographie),Göttingen,,,,
193,"Kostka, R.",1960,Sandstein vom Bückeberge und die Organisation der Steinhauer,,Zeitschriftenaufsatz,,Schaumburg-Lippische Heimatblällter,11,10,
194,"Kreft, Herbert; Jürgen Soenke",1969,Die Weserrenaissance,,Buch (Monographie),Hameln,,,,
195,Kreis Coesfeld,1999,Spuren in Sandstein,Baumberger und Bentheimer Sandstein im Gebiet zwischen Ijssel und Berkel,Buch (Sammelwerk),Coesfeld,,,,
196,"Krumsiek, Rolf",1963,Das Schaumburgische Bergrecht,,Buch (Monographie),Rinteln,,,,
197,"Kruse, Horst",1995,Maßarbeit aus Obernkirchener Steinhauerwerkstätten ... auch für die Harburg,,Zeitschriftenaufsatz,,"Europäisches Burgeninstitut, Einrichtung der Deutschen Burgenvereinigung (Hg.), Burgen und Schlösser. Zeitschrift für Burgenforschung und Denkmalpflege",,35,33–39
198,"Kuile, E. H. ter",1938,De Werkzaamheid van Lieven de Key in Haarlem,,Zeitschriftenaufsatz,,Oud Holland - Quarterly for Dutch Art History,55,1,245–253
199,"Kuile, E. H. ter",1938,Overheidsbouw te Leiden 1588 - 1632,,Zeitschriftenaufsatz,,Oudheidkundig Jaarboek. Vierde Serie van het Bulletin van den Nederlandschen Oudheidkundigen Bond,7,1,83–87
200,"Kuile, E. H. ter",1964,Het Ontwerp van de Leidse Stadhuisgevel van 1597,,Zeitschriftenaufsatz,,KNOB (Bulletin KNOB),17,,89–106
201,"Kuster-Wendenburg, Elisabeth",2008,Lüder von Bentheim,Bremer Baumeister zur Zeit der Weserrenaissance,Beitrag in …,,,,,24–41
202,"Kuyper, W.",1994,The triumphant entry of Renaissance architecture into the Netherlands,The joyeuse entrée of Philip of Spain into Antwerp in 1549 : Renaissance and Mannerist architecture in the Low Countries from 1530 to 1630,Buch (Sammelwerk),Alphen aan den Rijn,,,,
203,"Lammers-Keijsers, Y.M.J.",2009,Ongekend Leiden,Het verleden in kaart,Buch (Monographie),Leiden,,,,
204,"Landesamt für Bergbau, Energie und Geologie des Landes Niedersachsen",31.07.2013,"Firmenverzeichnis Steine, Erden & Industriemetalle für Niedersachsen 2013",,Graue Literatur / Bericht / Report,,,,,
205,"Landwehr, John",1991,VOC,A bibliography of publications relating to the Dutch East India Company 1602 - 1800,Buch (Monographie),Utrecht,,,,
206,"Lange, Helmar",1979,"Das Residenzschloß Neuhaus bei Paderborn, eine bau- und kunstgeschichtliche Betrachtung. Der Baumeister Jörg Unkair, seine Werke und Bedeutung",,Buch (Monographie),Bochum,,,,
207,"Lawrence, A. W.",1963,"Trade Castles & Forts of West Africa",,Buch (Monographie),London,,,,
208,"Lepper, Jochen",,Naturwerksteinabbau im Obernkirchener Sandstein der Bückeberge,,Zeitschriftenaufsatz,,GeoHannover2012,2012,92,92–104
209,"Lepper, Jochen",2013,Baulandschaft und Bausteine der Weserromanik und Weserrenaissance,,Zeitschriftenaufsatz,,Jahresberichte und  Mitteilungen des Oberrheinischen Geologischen Vereins,,95,289–319
210,"Lepper, Jochen; Weber, Jutta",2005,Tracing a 17-20th century odysey: The provenance of the Batavia sandstone portico,,Zeitschriftenaufsatz,,Bulletin of the Australasian Institute fpr Maritime Archaelogy,,29,53–60
211,"Lesger, Clé",1993,"Intraregional trade and the port system in  Holland, 1400-1700",,Beitrag in …,,,,,186–217
212,"Leur-De Loos, J. van",1948,Het ontwerp van het kasteel te Batavia,,Zeitschriftenaufsatz,,"Tijdschrift voor Indische Taal-, Land- en Volkenkunde",,83,194–198
213,"Liebrecht Temminck Groll, Coenrad",1988,De stenen droom,,Buch (Sammelwerk),Zutphen,,,,
214,"Lilge, Andreas",,Das Sandsteingewerbe in der Vergangenheit mit besonderer Berücksichtigung des braunschweigischen Sollings.,,Zeitschriftenaufsatz,,Jahrbuch für den Landkreis Holzminden,1996,14,17–26
215,"Lindau, Nina",2009,Bartholomäus von Bassen bis Emanuel de Witte,Das Grabmahl Wilhelms von Oranien und seine bildliche Inszenierung,Buch (Monographie),Aachen,,,,
216,"Lindblad, J. Thomas",1993,Foreign trade of the Dutch Republic in the seventeenth century,,Beitrag in …,,,,,219–248
217,"Linnemeier, Bernd-Wilhelm",2002,Jenseits der Weser,Der Schaumburger Hof in Minden,Beitrag in …,,,,,189–236
218,"Logghe, Valerie",1996,Spegheling en daet. Simon Stevin van Brugghe (1548-1620),,Buch (Sammelwerk),Brügge,,,,
219,"Lombaerde, Piet",2013,"Exporting Urban Models from the Low Countries to Denmark, Schleswig-Holstein and Northern Germany",,Beitrag in …,,,,,379–391
220,"Long, I. L.",1763,"De koophandel van Amsterdam, naar alle gewesten des werelds. Bestaande, in een verhandeling, van de waaren en koopmanschappen, die men daar heenen sendt en wederom ontfangt: benevens vergelykingen der munten, maaten en gewigten, en op wat wyse men over en weêr wisselt",,Buch (Monographie),,,Bd. 2,,
221,"Luiten van Zanden, Jan",1993,"Economic growth in the Golden Age: the development of the economy of Holland, 1500-1650",,Beitrag in …,,,,,5–26
222,"Lüpkes, Vera",,"Im Fluss. Bergung, Konservierung und Präsentation der historischen Weserschiffe",,Buch (Sammelwerk),,,,,
223,"Maaßen, J.",1994,Francesco de Marchi als Vorbild für Alessandro Pasqualini?,,Beitrag in …,,,,,263–276
224,"Martens, Pieter; Ottenheym, Konrad A.",2013,Fortification and Waterworks: Engineers on the Road,,Beitrag in …,,,,,360–378
225,"Mattie, E. H.; van Soestbergen, C.",2001,Het oostindisch Huis te Amsterdam,problemen bij de reconstructie van een historisch interieur,Zeitschriftenaufsatz,,KNOB (Bulletin KNOB),100,3,93–99
226,"Meer, Sjoerd de",1994,'s Lands Zeemagazijn,,Buch (Monographie),Zutphen,,,,
227,"Meier, F. J.",1883,Der Bildhauer Diderik Gercken,,Zeitschriftenaufsatz,,Bremisches Jahrbuch,12,,77–85
228,"Meilink, Roelfofsz",1992,Archieven van de Oostindische Compagnie,,Buch (Monographie),Den Haag,,,,
229,"Meischke, R.",1989,Een neiuwe Gevel voor het Leidse Stadhuis (1593-1598),,Zeitschriftenaufsatz,,Leids Jaarboekje,,,54–83
230,"Meischke, R.",1990,De hoge stoep van het Stadhuis,,Zeitschriftenaufsatz,,Leids Jaarboekje,,,26–30
231,"Merian, Matthäus",1961,"Topographia Westphaliae. Das ist, Beschreibung der Vornembsten und bekanntisten Stätte, und Plaetz, im hochlöbl: Westphälischen Kraiße.",,Buch (Monographie),Kassel/Basel,,,,
232,"Mücke, Ronja",2011,Weserlastkähne im archäologischen Befund,,Zeitschriftenaufsatz,,Deutsches Schifffahrtsarchiv,34,,35–86
233,"Nagel, Jürgen G.",2010,Usupatoren und Pragmatiker,Einige typologische Pberlegungen zur Strategie der niederländischen Ostindienkompanie (1602 - 1799),Beitrag in …,,,,,71–95
234,"Netherlands Batavian Republic [1795-1806], Netherlands [Kingdom of Holland : 1806-1813], Jacobus Anne van der Chijs",,"Nederlandsch-Indisch plakaatboek, 1602-1811",,Zeitschriftenaufsatz,,,,,
235,"Neukirch, Albert",1950,Hameler Renaissance. Vom Schicksal einer Niedersächsischen Stadtkultur,,Buch (Monographie),Hameln,,,,
236,"Neumann, Jens Martin",2001,Beziehungen der Renaissance-Architektur des Weserraums und Bremens zu südskandinavischen Bauten um 1600,,Beitrag in …,,,,,245–266
237,"Neurdenburg, Elisabeth",1934,Hendrick de Keyser: beeldhouwer en bouwmeester van Amsterdam,,Buch (Monographie),Amsterdam,,,,
238,"Nieder, Horst",2002,"Wilhelm Dilich. Zeichner, Schriftsteller und Kartograph in höfischem Dienst",,Buch (Monographie),Bamberg,,28,,
239,Niedersächsische Archivverwaltung,1979,Zwischen London und Byzanz. Die geschichtlichen Territorien Niedersachsens in ihrer Beziehung zum Ausland,,Buch (Sammelwerk),Stade,,23,,
240,"Niehoff, Lydia",2002,550 Jahre verfasste Kaufmannschaft in Bremen,Ein historischer Rückblick,Zeitschriftenaufsatz,,Bremisches Jahrbuch,81,,19–40
241,"Nieuwhuis, Jan",,Mensen maken een Stad,1855-1955,Buch (Monographie),,,,,
242,"Nihuijs, Steffen; Pouderoijen, Michiel",2013,De polderkaart van Nederland. Een instrument voor de ruimtelijke ontwikkeling van het laagland.,,Zeitschriftenaufsatz,,Bulletin KNOB,112,3,137–151
243,"Nijland, Timo G.",2013,Reinigen en retoucheren. De restauratie van de zandsteengevels van het Koninklijk Paleis Amsterdam,,Zeitschriftenaufsatz,,KNOB (Bulletin KNOB),112,2,112–121
244,"Nordsiek, Hans",1987,Schiffsverkehr und Frachtgüter in der ersten Hälfte des 18. Jahrhunderts,,Beitrag in …,,,,,93–103
245,"North, Michael",2001,Das Goldene Zeitalter,Kunst und Kommerz in der niederländischen Malerei des 17. Jh.,Buch (Monographie),Köln,,,,
246,"O´Brian, Patrick, Keene, Derek, Hart, Marjolein ´t, Wee, Herman van der",2001,Urban achievements Europe,"Golden Ages in Antwerp, Amsterdan and London",Buch (Sammelwerk),Cambridge,,,,
247,Obernkirchener Sandsteinbrüche A.G.,,Obernkirchener Sansteinbrüche,,Graue Literatur / Bericht / Report,Obernkirchen/Nienstädt,,,,
248,Ottenheym; Konrad A.,22.11.2011,“Architecture according to proportions and rules of the Antique.”,,Internetdokument,,,,,
249,"Ottenheym, Konrad A.",2003,"Dutch contributions to the classicist tradition in Northern Europe in the Seventeenth Century: patrons, architects and books",,Zeitschriftenaufsatz,,Scandinavian Journal of History,28,3-4,227–242
250,"Ottenheym, Konrad A.",2010,Das Trippenhuis am Kloveniersburgwal 29,,Beitrag in …,,,,,315–322
251,"Ottenheym, Konrad A.",2013,Foreign Architects in the Low Countries and the Use of  Prints and Books,,Beitrag in …,,,,,212–235
252,"Ottenheym, Konrad A.",2013,Models of Modesty and Dignity in the Age of Absolutism,,Beitrag in …,,,,,333–355
253,"Ottenheym, Konrad A.",2013,Sculptor's Architecture: The International Scope of Cornelis Floris and Hendrick de Keyser,,Beitrag in …,,,,,102–127
254,"Ottenheym, Konrad A.",2013,Travelling Architects from the Low Countires and their Patrons,,Beitrag in …,,,,,54–88
255,"Ottenheym, Konrad A.; et al.",2007,Unity and Discontinuity,Architectural Relationships between the Southern and and Northern Low Countries (1530-1700),Buch (Sammelwerk),Turnhout,,5,,
256,"Ottenheym, Konrad A.; et al.",2010,Public Buildings in Early Modern Europe,,Buch (Sammelwerk),Turnhout,,p,,
257,"Ottenheym, Konrad A.; Jonge, Krista de",2013,"The Architecture of the Low Countries and its International Reception, 1480 - 1680: A Bird's Eye View",,Beitrag in …,,,,,15–30
258,"Ottenheym, Konrad A.; Jonge, Krista de",2013,The Low Countries at the Crossroads,Netherlandish Architecture as an Export Product in Early Modern Europe (1480-1680),Buch (Sammelwerk),Turnhout,,8,,
259,"Ottenheym, Konrad A.; Rosenberg, Paul; Smit, Nick",2008,Hendrick de Keyser. Architectura Moderna,Modern bouwkunst in Amsterdam (1600 -1625),Buch (Monographie),,,,,
260,"Overvoorde, J. C.",1908,De Verbouwing van het Leidsche Raadhuis in 1595 - 1597,,Zeitschriftenaufsatz,,KNOB (Bulletin KNOB),1,2,11–21
261,"Ozinga, M. D.",1929,De Protestantsche Kerkenbouw in Nederland,,Buch (Monographie),s'Gravenhage,,,,
262,"Parthesius, Robert",2010,Dutch Ships in Tropical Waters,The Development of the Dutch East India Company (VOC) Shipping Network in Asia 1595-1660,Buch (Monographie),Amsterdam,,,,
263,"Passchier, Cor",2005,"Het huis Reinier de Klerk, een voormalige buitenplaats in Jakarta",,Zeitschriftenaufsatz,,KNOB (Bulletin KNOB),104,6,207–213
264,"Pauli, Gustav",1892,Die bremischen Steinhauer um 1600,,Zeitschriftenaufsatz,,Bremisches Jahrbuch,16,,29–96
265,"Pelsaert, Francois; Molewijk, G. C.",1989,Pelsaerts jounaal van de ongelukkige reis van het schip Batavia,,Buch (Sammelwerk),Weesp,,,,
266,"Philipp, Klaus Jan",1989,"""Eyn Huys in Manieren van eyner Kirchen"": Werkmeister, Parliere, Steinlieferanten, Zimmermeister und die Bauorganisation in den Niederlanden vom 14. bis zum 16. Jh.",,Zeitschriftenaufsatz,,Wallraf-Richartz-Jahrbuch: Jahrbuch für Kunstgeschichte,1989,50,69–113
267,"Poestges, Dieter",1979,Die Obernkirchener Sandsteinbrüche als Ausgangspunkt internationalen Handels,,Beitrag in …,,,,,143–152
268,"Poestges, Dieter",1982/83,Die Geschichte der Obernkirchener Sandsteinbrüche,Ein wichtiges Kapitel in den Handelsbeziehungen der Stadt Bremen,Zeitschriftenaufsatz,,Bremisches Jahrbuch,60/61,,95–116
269,"Pohle, Frank",1999,Jülich und Batavia,Ein Fallbeispiel für Theorieexporte im europäischen Kolonialismus,Beitrag in …,,,,,227–247
270,"Price, J. Leslie",1996,Regional identity and European culture:  The North Sea region in the Early Modern Period,,Beitrag in …,,,,,78–95
271,"Raben, Remco",1993,Klein Holland in Azië.,"Ideologie en pragmatisme in de Nederlandse koloniale stedebouw, 1600-1800",Zeitschriftenaufsatz,,Leidschrift,9,2,44–63
272,"Reitsma, Rients",1982,Centrifugal and Centripetal Forces in the Early Dutch Republic,The States of Overijssel 1566-1600,Buch (Monographie),Amsterdam,,,,
273,"Rella, Christoph",2008,›Im Anfang war das Fort‹ Europäische Fortifizierungspolitik in Guinea und Westindien 1415 – 1815 Expansion – Fortifikation – Kolonisation,,Buch (Monographie),Wien,,,,
274,"Renner, Johann",1995,Chronica der Stadt Bremen,Anno 449 - anno 1511,Buch (Monographie),Bremen,,,,
275,"Renner, Johann",1995,Chronica der Stadt Bremen,Anno 1511 - anno 1583,Buch (Monographie),Bremen,,,,
276,Rijksdienst voor de Monumentenzorg,1993,Jaarboek Monumentenzorg 1993,,Buch (Sammelwerk),Zeist,,,,
277,"Roberts, Lissa",2011,Centres and Cycles of Accumulation in and around the Netherlands during the Early Modern Period,,Buch (Sammelwerk),Münster,,2,,
278,"Rodekomp, Volker",1987,Minden und die Weser,Anmerkungen zu Bildquellen aus seiner Geschichte,Beitrag in …,,,,,349–354
279,"Roding, Juliette G.",1996,"The North Sea coasts, an architectural unity?",,Beitrag in …,,,,,96–106
280,"Roding, Juliette, van Voss, Lex Heerma",1996,The North Sea and Culture (1550 - 1800),Proceedings of the International Conference held at Leiden 21 - 22 April 1995,Buch (Sammelwerk),Hilversum,,,,
281,"Roeper, Vibeke; Parthesius, Robert; Wagenaar, Lodewijk",1995,De Batavia te Water,,Buch (Monographie),Amsterdam,,,,
282,"Roll, Christine",2010,Grenzen und Grenzüberschreitungen,"Bilanz und Perspektiven der Frühneuzeitforschung ; [8. Arbeitstagung der Arbeitsgemeinschaft Frühe Neuzeit im Verband der Historikerinnen und Historiker Deutschlands, die vom 24. bis 26. September 2009 in Aachen stattfand]",Buch (Sammelwerk),Köln,,1,,
283,"Roll, Christine",2010,Grenzen und Grenzüberschreitungen in der Frühen Neuzeit - Eine Einführung in die Forschung,,Beitrag in …,,,,,13–22
284,"Rook, Günter",1987,"Geologische, geographische und hydrographische Grundlagen des Wesertals im Mindener Raum",,Beitrag in …,,,,,327–345
285,"Rosenberg, Paul",2010,Die Wohnhausentwürfe von Hendrick de Keyser (1565 - 1621),,Beitrag in …,,,,,297–314
286,"Ross, R. J.; Telkamp, G. J.",1985,Colonial cities,Essays on urbanism in a colonial context,Buch (Sammelwerk),Dordrecht,,5,,
287,"Rüthing, Heinrich",1987,Beobachtungen zur Weserschiffahrt im 16. Jahrhundert,,Beitrag in …,,,,,75–92
288,"Rutz, Andreas",2010,Grenzüberschreitungen im deutsch-niederländisch-französischem Grenzraum,,Beitrag in …,,,,,217–222
289,"Schietecatte, Liesbet; Hart, Tim",November 2009,"Archaeological Monitoring and Excavation in the Area of Jan van Riebeeck's earthen Fort at the Grand Parade, Central Cape Town",,Graue Literatur / Bericht / Report,Cape Town,,,,
290,"Schmidt, Liesel",2005,Bentheimer Sandstein und ein Schiffswrack im Indischen Ozean,,Zeitschriftenaufsatz,,Jahrbuch des Heimatvereins der Grafschaft Bentheim,,,
291,"Schmidt, Liesel",2009,Bentheimer Taufsteine in der Grafschaft,,Zeitschriftenaufsatz,,Bentheimer Jahrbuch,,,
292,"Schmitt, E.; Schleich, Th.; Beck, Th.",1988,Kaufleute als Kolonialherren,Die Handelswelt der Niederländer vom Kap der Guten Hofnung bis Nagasaki 1600-1800. Ausstellungskatalog,Buch (Sammelwerk),Bamberg,,,,
293,"Schneegluth, Hans-Otto",1996,Nienburger Brücken,,Buch (Monographie),Nienburg,,,,
294,"Schukking, W. H.",1964,The Principal Works of Simon Stevin,,Buch (Monographie),Amsterdam,,IV,,
295,"Schumacher, H. A.",1870,Zur Geschichte des Schüttings,,Zeitschriftenaufsatz,,Bremisches Jahrbuch,5,,192–214
296,"Schumacher, Karl-Heinz",2007,Baustofftransporte auf der Maas,Anmerkungen zur Entwicklung und historischen Beduetung eines Binnenschifffahrtsweges,Beitrag in …,,,52,,11–34
297,"Schütte, Ulrich",1981,"""Als wenn eine ganze Ordnung da stünde..."": Anmerkungen zum System der Säulenordnungen und seiner Auflosung im spaten 18. Jahrhundert",,Zeitschriftenaufsatz,,Zeitschrift für Kunstgeschichte,44,1,15
298,"Schütte, Ulrich",1984,Architekt und Ingenieur,Baumeister in Krieg und Frieden,Buch (Monographie),Wolfenbüttel,,,,
299,"Schwarzwälder, Herbert",1991,"Mauerermeister Johann Knust über den nördlichen Anbau des Rathauses und über die älteste Börse, 1672",,Zeitschriftenaufsatz,,Bremisches Jahrbuch,70,,41–54
300,"Seelinger, Matthias",,"Wesersandstein, Sollingplatten, Höxterstein: Die Weser als Handelsweg",,Zeitschriftenaufsatz,,Jahrbuch für den Kreis Holzminden,5,,71–77
301,"Siegesmund, Siegfried; Snethlage, Rolf",2008,Denkmalgesteine,Festschrift - Wolf-Dieter Grimm,Buch (Sammelwerk),Stuttgart,,59,,
302,"Skibinski, Franciszek",2013,The Expansion of Gdánsk and the Rise of Taste for Netherlandish Sculpture in the Polish-Lithuanian Commonwealth in the Sixteenth and Seventeenth Century,,Beitrag in …,,,,,158–176
303,"Slagter, J.",1939,Het Gemeenlandshuis van Rijnland te Leiden,,Zeitschriftenaufsatz,,Oudheidkundig Jaarboek. Vierde Serie van het Bulletin van den Nederlandschen Oudheidkundigen Bond,,8,60–66
304,"Soenke, Jürgen",1958,Jörg Unkair. Baumeister und Bildhauer der Frühen Weserrenaissance,,Buch (Monographie),Minden,,,,
305,"Sparitis, Ojars",2013,Joris Jorissen Frese and the Origin of Renaissance Sacral Architecture in Livonia,,Beitrag in …,,,,,287–299
306,"Specklin, Daniel",1589,Architectura von Vestungen,,Unklarer Dokumententyp,Straßburg,,,,
307,"Stein, Rudolf",1962,"Romanische, Gotische und Renaissance-Baukunst in Bremen",,Buch (Monographie),Bremen,,,,
308,"Stein, Rudolf",1964,"Lüder von Bentheim, der Meister des Bremer Rathauses, auch der Meister der Umgestaltung des Rathauses zu Leiden 1595 - 1597",,Zeitschriftenaufsatz,,Bonner Jahrbücher des Rheinischen Landesmuseums in Bonn und des Rheinischen Amtes für Bodendenkmalpflege im Landschaftsverband Rheinland und des Vereins von Altertumsfreunden im Rheinlande,164,157-169,
309,"Stein, Wolfgang Hans",2013,Kaufmannsbriefe aus Baltimore für Bremen im Jahre 1797,Ein Beitrag zur Geschichte des frühen Bremer Amerikahandels,Zeitschriftenaufsatz,,Bremisches Jahrbuch,92 (2013),,139–187
310,"Steinwascher, Gerd",2002,Schaumburg und der Westfälische Frieden,Ein verwaistes Territorium als Spielball nicht nur benachbarter Kräfte,Beitrag in …,,,,,412–429
311,"Stenvert, Roland",1989,Het gebruik van de computer en Computer-Aided Design bij architectuurhistorisch onderzoek,,Zeitschriftenaufsatz,,KNOB (Bulletin KNOB),88,4,7–14
312,"Stenvert, Roland",1996,"Conveyed by land, returned by ship: mannerism and sandstone",,Beitrag in …,,,,,420–434
313,"Stenvert, Roland",2004,Hans Vredeman de Vries en zijn invloed: naar aanleiding van een congres,,Zeitschriftenaufsatz,,KNOB (Bulletin KNOB),103,6,262
314,"Stevin, Simon",,Architecturia militaris,,Buch (Sammelwerk),,,,,
315,"Stevin, Simon",1660,Materiae politicae,,Unklarer Dokumententyp,Leiden,,,,
316,"Stieglitz, Anette von",2002,Hessen und Schaumburg,Die Landgrafschaft und ihre Exklave in ihrer verwaltungsorganisatorischen und personellen Verknüpfung,Beitrag in …,,,,,292–321
317,"Stormbroek, W. J. van",1995,De Batavia te Water,Catalogus bij de Tentoonstelling De Batavia te Water: 11 april tot en met 9 juni 1995,Buch (Monographie),Amsterdam,,,,
318,"Taverne, Ed R. M.",1978,"In't land van belofte, in de nieue stad",Ideal en werkelijkheid van de stadsuitleg in de republiek 1580-1680,Buch (Monographie),Maarssen,,,,
319,"Taverne, Ed R. M.",1982,Simon Stevin,Theoreticus van het moderne krijgsbedrijf,Beitrag in …,,,,,24–29
320,"Taverne, Ed R. M.",1984,Stevins koopmansstad,,Beitrag in …,,,,,89–100
321,"Temminck Groll, C. L.",1993,De 'Gereja Sion' of Portugese Buitenkerk te Jakarta,,Beitrag in …,,,,,51–58
322,"Temminck Groll, C. L.",2002,The Dutch Overseas,Architectural Survey - Mutual heritage of four Centuries in three Continents,Buch (Monographie),Zwolle,,,,
323,"Terwen, J. J.",1988,De uitbreidingsplannen van Pieter Post voor het Huis Honselaarsdijk,,Beitrag in …,,,,,298–306
324,"Terwen, J. J.; Ottenheym, Konrad A.",1993,Pieter Post (1608-1669). Architect,,Buch (Monographie),Zutphen,,,,
325,"t'Hart, Marjolein",1993,"Freedom and restrictions. State and economy in the Dutch Republic, 1570-1670",,Beitrag in …,,,,,105–130
326,"Tjahjono, Gunawan; Miksic, John N.",1998,Architecture,,Buch (Monographie),Singapore,,,,
327,"Tuttle, Richard J.",1998,On Vignola´s Rule of the five orders of architecture,,Beitrag in …,,,,,198–218
328,"Tylicki, Jacek",2013,The Van den Blocke Family in Gdánsk and in Central Europe,,Beitrag in …,,,,,142–157
329,"Valentyn, François",1726; 2003,"Beschreyving van Groot Djava, ofte Java Major",,Buch (Monographie),"Dordrecht, Amsterdam",,,,
330,"Valentyn, François",2002,Beschreyving van de Kaap der Goed Hoope,,Buch (Monographie),Amsterdam,,,,
331,"Valentyn, François",2004,Oud en Nieuw Oost-Indien,,Buch (Monographie),Amsterdam,,,,
332,"van Dam, Pieter",1927,Beschryvinge van de Oostindische Compagnie,,Buch (Monographie),s'Gravenhage,,,,
333,"van Dam, Pieter",1927 - 1954,Pieter van Dam's Beschrijvinge van de Oostindische Compagnie 1639-1701,,Buch (Monographie),´S-Gravenhage,,,,
334,"van Dam, Pieter",1929,Beschryvinge van de Oostindische Compagnie,,Buch (Monographie),s'Gravenhage,,,,
335,"van Dam, Pieter",1931,Beschryvinge can de Oostindische Compagnie,,Buch (Monographie),s'Gravenhage,,,,
336,"van Dam, Pieter",1932,Beschryvinge van de Oostindische Compagnie,,Buch (Monographie),s'Gravenhage,,,,
337,"van Dam, Pieter",1939,Beschryvinge van de Oostinidsche Compagnie,,Buch (Monographie),s'Gravenhage,,,,
338,"van Dam, Pieter",1943,Beschryvinge van de Oostindische Compagnie,,Buch (Monographie),s'Gravenhage,,,,
339,"van Dam, Pieter",1954,Beschryvinge van de Oostindische Compagnie,,Buch (Monographie),s'Gravenhage,,,,
340,"van Dantzig, Albert",1980,Forts and Castles of Ghana,,Buch (Monographie),Accra,,,,
341,"van Dantzig, Albert",1999,Forts and Castles of Ghana,,Buch (Monographie),Accra,,,,
342,"Van de Vijver, Dirk",2013,Epilogue: Pardigm Change in the Early  Eighteenth Century,,Beitrag in …,,,,,408–430
343,"van den Burg, Leo",2009,"Zoeken naar een passend gebouw. Een reconstructie van de stedelijke inpassing van het Amsterdamse stadhuis op basis van de vroedschapsresoluties, 1639-1648",,Zeitschriftenaufsatz,,KNOB (Bulletin KNOB),108,2,58–71
344,"Van den Vondel, Joost",1982,Inwydinge van 't stadthuis t'Amsterdam,,Buch (Monographie),Muiderberg,,,,
345,"van Essen, Gea",2000,"Daniel Stalpaert (1615-1676), stadsarchitect van Amsterdam en de Amsterdamse stadsfabriek in de periode 1647 tot 1676",,Zeitschriftenaufsatz,,KNOB (Bulletin KNOB),99,4,101–121
346,"van Gessel, Marieke; Kieskamp, Andrea",1995,"Ongeluckig, of droevigh verhaal van ´t schip de Gouden Buys 1695",Een Enkhuizer VOC-schip strandt bij zuidelijk Afrika,Buch (Sammelwerk),Amsterdam,,,,
347,"van Roosbroek, Robert",1972,Niederländische Glaubensflüchtlinge in Bremen (1585-1600) und ihr Briefwechsel,,Zeitschriftenaufsatz,,Bremisches Jahrbuch,52,,85–112
348,"van Straalen, Theodor",1979,Nogmaals: Vennekool,,Zeitschriftenaufsatz,,Bulletin KNOB,78,4,160
349,"van Tussenbroek, Gabri",1999,Das Netzwerk der Steinmetze als Bauinstrument,,Beitrag in …,,,,,531–545
350,"van Tussenbroek, Gabri",2007,Der Namurer Blausteinhandel am Beispiel der Familie Van Neurenberg (1480-1640),,Beitrag in …,,,52,,35–56
351,"van Tussenbroek, Gabri",2009,'Alzo zult gijlieden dat maken'. Gebruik en ontwikkeling van contracten en bestekken in de Amsterdamse bouworganisatie tot 1654,,Zeitschriftenaufsatz,,KNOB (Bulletin KNOB),108,1,19–31
352,"van Tussenbroek, Gabri",2013,'Alzo zult gijlieden dat maken',Gebruik en ontwikkeling van bouwcontracten en bestekken in de Nordelijke en Zuidelijke Neerlanden tot 1650,Buch (Monographie),Leiden,,,,
353,"van Tussenbroek, Gabri",2013,"Amsterdam and the International Trade in Stone, Brick and Wood",,Beitrag in …,,,,,195–208
354,"van Tussenbroek, Gabri",2013,"Classicism in Berlin and Brandenburg: Architects, Entrepreneurs and the Restoration after the Thirty Years War (1648-1688)",,Beitrag in …,,,,,311–331
355,Vereeniging Koloniaal Instituut; Steelijk Museum,1919,"Catalogus van de tentoonstelling ter herdenking van het 300-jarig bestaan van Batavia, gehouden in het Stedelijk Museum te Amsterdam, Juni-Juli 1919",,Buch (Sammelwerk),Amsterdam,,,,
356,"Versprille, Annie",1943,De geschiedenis van het huis van Daniel van der Meulen,,Zeitschriftenaufsatz,,Leidsch Jaarboekje,,,158–169
357,"Versprille, Annie",1957,"Sion, Luz: Tafelhouder",,Zeitschriftenaufsatz,,Jaarboekje voor Geschiedenis en Oudheidkunde van Leiden en Omstreken,,,106–118
358,"Versprille, Annie",1975,Hester della Faille,,Zeitschriftenaufsatz,,Leidse Jaarboekje,,,77–97
359,"Vis, L.",1988,Nederlands woonhuizen binnen het voormalige kasteel van Malacca,,Beitrag in …,,,,,113–121
360,"Vlaardingerbroek, Pieter",2010,Dutch Town Halls and the Setting of the Vierschaar,,Beitrag in …,,,,,105–118
361,"Vlaardingerbroek, Pieter",2011,Het paleis van de Republiek,Geschiedenis van het stadhuis van Amsterdam,Buch (Monographie),Zwolle,,,,
362,"Vlaardingerbroek, Pieter",2013,Bouw- en restauratie-geschiedenis van het Amsterdamse Stadhuis en Paleis in vogelvlucht (1648-1968),,Zeitschriftenaufsatz,,Bulletin KNOB,2,,58–67
363,"Vlaardingerbroek, Pieter",2013,Tussen concept en geschiedenis. Een analyse van de restauratie van het Koninklijk Paleis Amsterdam (2005-2011),,Zeitschriftenaufsatz,,KNOB (Bulletin KNOB),112,2,122–135
364,"Von der Dunk, Thomas H.",1996,De Amsterdamse stadhuisplannen uit de jaren voor 1648,Het probleem van de chronologie: een analyse van de analyse,Zeitschriftenaufsatz,,KNOB (Bulletin KNOB),92,6,165–180
365,"Voort, Heinrich",1968,Die gräflich bentheimischen Bergmeister,Ein Beitrag zur Geschichte des Sandsteinbruchs in der Grafschaft Bentheim,Zeitschriftenaufsatz,,Jahrbuch des Heimatvereins der Grafschaft Bentheim,,,
366,"Voort, Heinrich",1970,Die holländischen Steinhandelsgesellschaften in der Grafschaft Bentheim,,Zeitschriftenaufsatz,,Verslagen en mededelingen van de Vereniging tot beoefening van Overijsselsch Regt en Geschiedenis (Overijsselse Historische Bijdragen),85 (LXXXV),,164–185
367,"Voort, Heinrich",1974,Die Steinmaate in Nordhorn,,Zeitschriftenaufsatz,,Das Bentheimer Land: Jahrbuch des Heimatvereins der Grafschaft Bentheim,,82,35–43
368,"Voort, Heinrich",1987,Geschichte der Wind- und Wassermühlen in der Grafschaft Bentheim,,Buch (Monographie),Bad Bentheim,,Bd. 110,,
369,"Voort, Heinrich",2000,"Abbau, Absatz und Verwendung von Bentheimer Sandstein in acht Jahrhunderten",,Zeitschriftenaufsatz,Bad Bentheim,Schriftenreihe des Sandsteinmuseums Bad Bentheim,,1,3–18
370,"Voort, Heinrich",2000,Das geologische Freilichtmuseum in Gildehaus und der Bentheimer Sandstein,,Zeitschriftenaufsatz,,Schriftenreihe des Sandsteinmuseums Bad Bentheim,,1,19–27
371,"Voort, Heinrich",2006,Bentheimer Sandstein im Alltag,"Von ""Pütten"" und ""Püttsteinen""",Zeitschriftenaufsatz,,Schriftenreihe des Sandsteinmuseums Bad Bentheim,,2,23–31
372,"Voort, Heinrich",2006,"""Das Ertz- und Bergwerck der Gebür verfolgen""",Über die ordnungsgemässe Bearbeitung der Steinbrüche in Gildehaus und Bentheim,Zeitschriftenaufsatz,,Schriftenreihe des Sandsteinmuseums Bad Bentheim,,2,3–12
373,"Voort, Heinrich",2006,Mühlsteine aus Bentheimer Sandstein,,Zeitschriftenaufsatz,,Schriftenreihe des Sandsteinmuseums Bad Bentheim,,2,14–22
374,"Voort, Heinrich",2009,Bentheimer Sandstein aus den Steinbrüchen in Gildehaus und Bentheim,"Farbe, Härte und Wetterbeständigkeit als Auswahlkriterien für seine Verwendung",Beitrag in …,,,195,,7–22
375,"Voort, Heinrich",2009,Sandsteinexport und landesherrliche Recognition,Das Problem runder Sandsteine,Beitrag in …,,,195,,131–138
376,"Voort, Heinrich",2010,Bentheimer Steinbrüche im 19. Jahrhundert,,Zeitschriftenaufsatz,,Bentheimer Jahrbuch 2011,200,,181–186
377,"Voort, Heinrich",2013,Die Struktur Bentheim im Wandel geologischer Erkenntnisse,,Zeitschriftenaufsatz,,Schriftenreihe des Sandsteinmuseums Bad Bentheim,,4,3–12
378,"Voort, Heinrich",2013,Ock hebben unse Rath undt Bürger ... eine Steinkuhle an dem Bentheimer Berge,Vom Steinbruch der Stadt Schüttorf,Zeitschriftenaufsatz,,Schriftenreihe des Sandsteinmuseums Bad Bentheim,,4,27–32
379,"Voort, Heinrich",2013,Sandsteinabbau und Wasserhaltung in Gildehauser Steinbrüchen,,Zeitschriftenaufsatz,,Schriftenreihe des Sandsteinmuseums Bad Bentheim,,4,21–26
380,"Voort, Heinrich",2013,Über den Abbau von Bentheimer Sandstein am Isterberg,,Zeitschriftenaufsatz,,Schriftenreihe des Sandsteinmuseums Bad Bentheim,,4,21–26
381,"Vries, Dirk J. de",2007,Neuzeitliche Marken auf Natursteinen in Belgien und den Niederlanden,,Beitrag in …,,,52,,167–175
382,"Waard, Marco de",2012,Imagining global Amsterdam,"History, culture, and geography in a world city",Buch (Monographie),Amsterdam,,,,
383,"Waldmann, Emil",1910,Die Alte Börser und ihr Erbauer,,Zeitschriftenaufsatz,,Jahrbuch der Bremischen Sammlung,3,111,99–112
384,"Wall, V. I. van de",1932,De Nederlansche Oudheden in de Molukken,,Zeitschriftenaufsatz,,Indische Landhuizen en hun geschiedenis,,,
385,"Wall, V. I. van de",1942,Oude Hollandsche Bouwkunst in Indonesie,Bijdrage tot de kennis van de Hollandsche Koloniale Bouwkunst in de XVIIen VXIII Eeuw,Buch (Monographie),Antwerpen,,,,
386,"Weber, Karl-Klaus",1995,Johan van Valckenburgh,Das Wirken des niederländischen Festungsbaumeisters in Deutschland 1609 - 1625,Buch (Monographie),"Köln, Weimar, Wien",,,,
387,"Wefer, Gerold",2002,Der Bremer Stein und die Weserrenaissance,Bremer Geo-Touren,Buch (Sammelwerk),Bremen,,,,
388,"Weissmann, Adriaan Willem",1911,Daniel Stalpaert,,Zeitschriftenaufsatz,,Oud Holland,29,1,65–85
389,"Wells-Cole, Anthony",2013,Paper Architecture: Mechanisms for the Migration of Architecture from the Low Countries to England,,Beitrag in …,,,,,301–310
390,"Wiarda, Siegfried",1974,"Die Grafschaft Bentheim, Aufmarschfeld und Kriegsschauplatz 1672-1674",,Zeitschriftenaufsatz,,Das Bentheimer Land: Jahrbuch des Heimatvereins der Grafschaft Bentheim,,82,125–136
391,"Wiarda, Siegfried",1975,Aus Leben und wirken der einst in der Grafschaft Bentheim sehr verbreiteten und bedeutsamen Familie Krull,,Zeitschriftenaufsatz,,Das Bentheimer Land: Jahrbuch des Heimatvereins der Grafschaft Bentheim,,83,69–93
392,"Winter, P. J. van",1988,Hoger beropsonderwijs avant-la-lettre,Bemoeiingen met de vorming van landmeters en ingeniuers bij de Nederlandse universiteiten van de 17e en 18e eeuw.,Zeitschriftenaufsatz,,"Verhandelingen der Koninklijke akademie van Wetenschappen, Afd. Letterkunde",,NR 137,14–36
393,"Witt, Jann M.",2014,Eroberer der Meere,"Krieger, Händler und Entdecker von der Antike bis heute",Buch (Monographie),Berlin,,,,
394,"Wolf, Manfred",2002,Die Grafen von Schauburg und die Herrschaft von Gemen,,Beitrag in …,,,,,237–246
395,"Zandvliet, K.",1998,Mapping for money,"Maps, plans, and topographic paintings and their role in Dutch overseas expansion during the 16th and 17th centuries",Buch (Monographie),Amsterdam,,,,
396,"Zaparis, Paul",2004,Lüder von Bentheim,,Beitrag in …,,,,,169–182
397,"Zimmermann, Petra Sophia",2002,Die Architectura von Hans Vredmann de Vries. Entwicklung der Renaissancearchitektur in Mitteleuropa,,Buch (Monographie),München/Berlin,,99,,
398,"Zweckverband Weserrenaissance-Museum Schloß Brake/ Großmann, Ulrich",1989,Aufsätze,,Buch (Sammelwerk),München/Berlin,,2,,
399,"Zweckverband Weserrenaissance-Museum Schloß Brake/ Großmann, Ulrich",1989,Ausstellungskatalog,,Buch (Sammelwerk),München/Berlin,,1,,
400,"Zweckverband Weserrenaissance-Museum Schloß Brake/ Großmann, Ulrich",1990,Renaissance in Nord- und Mitteleuropa I,,Buch (Sammelwerk),München/Berlin,,4,,
401,"Zwick, Daniel",2005-2008,Das Beluga-Schiff vom Bremer Teerhof,Vorläufige Untersuchungsergebnisse,Beitrag in …,,,7,,145–151
