ID,Hierarchy,Object,Name,ShortName,LongName,Link,Length,Height,Level
GewB_ID160920152711_3,1,FS1,Fassadenstein1,FS1_OFas_BrGe,Fassadenstein1_OFas_BrGe,OFas_BrGe,"0,35","0,11",1
GewB_ID160920152711_4,1,FS2,Fassadenstein2,FS2_OFas_BrGe,Fassadenstein2_OFas_BrGe,OFas_BrGe,"0,14","0,11",1
GewB_ID160920152711_5,1,FS3,Fassadenstein3,FS3_OFas_BrGe,Fassadenstein3_OFas_BrGe,OFas_BrGe,"0,10","0,11",1
GewB_ID160920152711_6,1,FS4,Fassadenstein4,FS4_OFas_BrGe,Fassadenstein4_OFas_BrGe,OFas_BrGe,"0,30","0,13",1
GewB_ID160920152711_7,1,FS5,Fassadenstein5,FS5_OFas_BrGe,Fassadenstein5_OFas_BrGe,OFas_BrGe,"0,30","0,13",1
GewB_ID160920152711_8,1,FS6,Fassadenstein6,FS6_OFas_BrGe,Fassadenstein6_OFas_BrGe,OFas_BrGe,"0,30","0,13",1
GewB_ID160920152711_9,1,FS7,Fassadenstein7,FS7_OFas_BrGe,Fassadenstein7_OFas_BrGe,OFas_BrGe,"0,30","0,13",1
GewB_ID160920152711_10,1,FS8,Fassadenstein8,FS8_OFas_BrGe,Fassadenstein8_OFas_BrGe,OFas_BrGe,"0,35","0,10",1
GewB_ID160920152711_11,1,FS9,Fassadenstein9,FS9_OFas_BrGe,Fassadenstein9_OFas_BrGe,OFas_BrGe,"0,14","0,10",1
GewB_ID160920152711_12,1,FS10,Fassadenstein10,FS10_OFas_BrGe,Fassadenstein10_OFas_BrGe,OFas_BrGe,"0,10","0,10",1
GewB_ID160920152711_13,1,FS11,Fassadenstein11,FS11_OFas_BrGe,Fassadenstein11_OFas_BrGe,OFas_BrGe,"0,39","0,11",1
GewB_ID160920152711_14,1,FS12,Fassadenstein12,FS12_OFas_BrGe,Fassadenstein12_OFas_BrGe,OFas_BrGe,"0,06","0,11",1
GewB_ID160920152711_15,1,FS13,Fassadenstein13,FS13_OFas_BrGe,Fassadenstein13_OFas_BrGe,OFas_BrGe,"0,28","0,12",1
GewB_ID160920152711_16,1,FS14,Fassadenstein14,FS14_OFas_BrGe,Fassadenstein14_OFas_BrGe,OFas_BrGe,"0,05","0,12",1
GewB_ID160920152711_17,1,FS15,Fassadenstein15,FS15_OFas_BrGe,Fassadenstein15_OFas_BrGe,OFas_BrGe,"0,27","0,12",1
GewB_ID160920152711_18,1,FS16,Fassadenstein16,FS16_OFas_BrGe,Fassadenstein16_OFas_BrGe,OFas_BrGe,"0,15","0,11",1
GewB_ID160920152711_19,1,FS17,Fassadenstein17,FS17_OFas_BrGe,Fassadenstein17_OFas_BrGe,OFas_BrGe,"0,39","0,13",1
GewB_ID160920152711_20,1,FS18,Fassadenstein18,FS18_OFas_BrGe,Fassadenstein18_OFas_BrGe,OFas_BrGe,"0,06","0,13",1
GewB_ID160920152711_21,1,FS19,Fassadenstein19,FS19_OFas_BrGe,Fassadenstein19_OFas_BrGe,OFas_BrGe,"0,15","0,13",1
GewB_ID160920152711_22,1,FS20,Fassadenstein20,FS20_OFas_BrGe,Fassadenstein20_OFas_BrGe,OFas_BrGe,"0,30","0,13",1
GewB_ID160920152711_23,1,FS21,Fassadenstein21,FS21_OFas_BrGe,Fassadenstein21_OFas_BrGe,OFas_BrGe,"0,30","0,13",1
GewB_ID160920152711_24,1,FS22,Fassadenstein22,FS22_OFas_BrGe,Fassadenstein22_OFas_BrGe,OFas_BrGe,"0,30","0,13",1
GewB_ID160920152711_25,1,FS23,Fassadenstein23,FS23_OFas_BrGe,Fassadenstein23_OFas_BrGe,OFas_BrGe,"0,30","0,13",1
GewB_ID160920152711_26,1,FS24,Fassadenstein24,FS24_OFas_BrGe,Fassadenstein24_OFas_BrGe,OFas_BrGe,"0,26","0,11",1
GewB_ID160920152711_27,1,FS25,Fassadenstein25,FS25_OFas_BrGe,Fassadenstein25_OFas_BrGe,OFas_BrGe,"0,07","0,11",1
GewB_ID160920152711_28,1,FS26,Fassadenstein26,FS26_OFas_BrGe,Fassadenstein26_OFas_BrGe,OFas_BrGe,"0,08","0,11",1
GewB_ID160920152711_29,1,FS27,Fassadenstein27,FS27_OFas_BrGe,Fassadenstein27_OFas_BrGe,OFas_BrGe,"0,21","0,13",1
GewB_ID160920152711_30,1,FS28,Fassadenstein28,FS28_OFas_BrGe,Fassadenstein28_OFas_BrGe,OFas_BrGe,"0,20","0,13",1
GewB_ID160920152711_31,1,FS29,Fassadenstein29,FS29_OFas_BrGe,Fassadenstein29_OFas_BrGe,OFas_BrGe,"0,21","0,13",1
GewB_ID160920152711_32,1,FS30,Fassadenstein30,FS30_OFas_BrGe,Fassadenstein30_OFas_BrGe,OFas_BrGe,"0,20","0,13",1
GewB_ID160920152711_33,1,FS31,Fassadenstein31,FS31_OFas_BrGe,Fassadenstein31_OFas_BrGe,OFas_BrGe,"0,26","0,10",1
GewB_ID160920152711_34,1,FS32,Fassadenstein32,FS32_OFas_BrGe,Fassadenstein32_OFas_BrGe,OFas_BrGe,"0,07","0,10",1
GewB_ID160920152711_35,1,FS33,Fassadenstein33,FS33_OFas_BrGe,Fassadenstein33_OFas_BrGe,OFas_BrGe,"0,08","0,10",1
GewB_ID160920152711_36,1,FS34,Fassadenstein34,FS34_OFas_BrGe,Fassadenstein34_OFas_BrGe,OFas_BrGe,"0,27","0,11",1
GewB_ID160920152711_37,1,FS35,Fassadenstein35,FS35_OFas_BrGe,Fassadenstein35_OFas_BrGe,OFas_BrGe,"0,07","0,11",1
GewB_ID160920152711_38,1,FS36,Fassadenstein36,FS36_OFas_BrGe,Fassadenstein36_OFas_BrGe,OFas_BrGe,"0,16","0,12",1
GewB_ID160920152711_39,1,FS37,Fassadenstein37,FS37_OFas_BrGe,Fassadenstein37_OFas_BrGe,OFas_BrGe,"0,05","0,12",1
GewB_ID160920152711_40,1,FS38,Fassadenstein38,FS38_OFas_BrGe,Fassadenstein38_OFas_BrGe,OFas_BrGe,"0,21","0,12",1
GewB_ID160920152711_41,1,FS39,Fassadenstein39,FS39_OFas_BrGe,Fassadenstein39_OFas_BrGe,OFas_BrGe,"0,07","0,11",1
GewB_ID160920152711_42,1,FS40,Fassadenstein40,FS40_OFas_BrGe,Fassadenstein40_OFas_BrGe,OFas_BrGe,"0,27","0,13",1
GewB_ID160920152711_43,1,FS41,Fassadenstein41,FS41_OFas_BrGe,Fassadenstein41_OFas_BrGe,OFas_BrGe,"0,07","0,13",1
GewB_ID160920152711_44,1,FS42,Fassadenstein42,FS42_OFas_BrGe,Fassadenstein42_OFas_BrGe,OFas_BrGe,"0,07","0,13",1
GewB_ID160920152711_45,1,FS43,Fassadenstein43,FS43_OFas_BrGe,Fassadenstein43_OFas_BrGe,OFas_BrGe,"0,21","0,13",1
GewB_ID160920152711_46,1,FS44,Fassadenstein44,FS44_OFas_BrGe,Fassadenstein44_OFas_BrGe,OFas_BrGe,"0,20","0,13",1
GewB_ID160920152711_47,1,FS45,Fassadenstein45,FS45_OFas_BrGe,Fassadenstein45_OFas_BrGe,OFas_BrGe,"0,41","0,13",1
GewB_ID160920152711_48,1,FS46,Fassadenstein46,FS46_OFas_BrGe,Fassadenstein46_OFas_BrGe,OFas_BrGe,"0,25","0,11",1
GewB_ID160920152711_49,1,FS47,Fassadenstein47,FS47_OFas_BrGe,Fassadenstein47_OFas_BrGe,OFas_BrGe,"0,07","0,11",1
GewB_ID160920152711_50,1,FS48,Fassadenstein48,FS48_OFas_BrGe,Fassadenstein48_OFas_BrGe,OFas_BrGe,"0,07","0,11",1
GewB_ID160920152711_51,1,FS49,Fassadenstein49,FS49_OFas_BrGe,Fassadenstein49_OFas_BrGe,OFas_BrGe,"0,20","0,13",1
GewB_ID160920152711_52,1,FS50,Fassadenstein50,FS50_OFas_BrGe,Fassadenstein50_OFas_BrGe,OFas_BrGe,"0,19","0,13",1
GewB_ID160920152711_53,1,FS51,Fassadenstein51,FS51_OFas_BrGe,Fassadenstein51_OFas_BrGe,OFas_BrGe,"0,20","0,13",1
GewB_ID160920152711_54,1,FS52,Fassadenstein52,FS52_OFas_BrGe,Fassadenstein52_OFas_BrGe,OFas_BrGe,"0,19","0,13",1
GewB_ID160920152711_55,1,FS53,Fassadenstein53,FS53_OFas_BrGe,Fassadenstein53_OFas_BrGe,OFas_BrGe,"0,25","0,10",1
GewB_ID160920152711_56,1,FS54,Fassadenstein54,FS54_OFas_BrGe,Fassadenstein54_OFas_BrGe,OFas_BrGe,"0,07","0,10",1
GewB_ID160920152711_57,1,FS55,Fassadenstein55,FS55_OFas_BrGe,Fassadenstein55_OFas_BrGe,OFas_BrGe,"0,07","0,10",1
GewB_ID160920152711_58,1,FS56,Fassadenstein56,FS56_OFas_BrGe,Fassadenstein56_OFas_BrGe,OFas_BrGe,"0,25","0,11",1
GewB_ID160920152711_59,1,FS57,Fassadenstein57,FS57_OFas_BrGe,Fassadenstein57_OFas_BrGe,OFas_BrGe,"0,07","0,11",1
GewB_ID160920152711_60,1,FS58,Fassadenstein58,FS58_OFas_BrGe,Fassadenstein58_OFas_BrGe,OFas_BrGe,"0,14","0,12",1
GewB_ID160920152711_61,1,FS59,Fassadenstein59,FS59_OFas_BrGe,Fassadenstein59_OFas_BrGe,OFas_BrGe,"0,05","0,12",1
GewB_ID160920152711_62,1,FS60,Fassadenstein60,FS60_OFas_BrGe,Fassadenstein60_OFas_BrGe,OFas_BrGe,"0,20","0,12",1
GewB_ID160920152711_63,1,FS61,Fassadenstein61,FS61_OFas_BrGe,Fassadenstein61_OFas_BrGe,OFas_BrGe,"0,07","0,11",1
GewB_ID160920152711_64,1,FS62,Fassadenstein62,FS62_OFas_BrGe,Fassadenstein62_OFas_BrGe,OFas_BrGe,"0,25","0,13",1
GewB_ID160920152711_65,1,FS63,Fassadenstein63,FS63_OFas_BrGe,Fassadenstein63_OFas_BrGe,OFas_BrGe,"0,07","0,13",1
GewB_ID160920152711_66,1,FS64,Fassadenstein64,FS64_OFas_BrGe,Fassadenstein64_OFas_BrGe,OFas_BrGe,"0,07","0,13",1
GewB_ID160920152711_67,1,FS65,Fassadenstein65,FS65_OFas_BrGe,Fassadenstein65_OFas_BrGe,OFas_BrGe,"0,20","0,13",1
GewB_ID160920152711_68,1,FS66,Fassadenstein66,FS66_OFas_BrGe,Fassadenstein66_OFas_BrGe,OFas_BrGe,"0,19","0,13",1
GewB_ID160920152711_69,1,FS67,Fassadenstein67,FS67_OFas_BrGe,Fassadenstein67_OFas_BrGe,OFas_BrGe,"0,39","0,13",1
GewB_ID160920152711_70,1,FS68,Fassadenstein68,FS68_OFas_BrGe,Fassadenstein68_OFas_BrGe,OFas_BrGe,"0,26","0,11",1
GewB_ID160920152711_71,1,FS69,Fassadenstein69,FS69_OFas_BrGe,Fassadenstein69_OFas_BrGe,OFas_BrGe,"0,07","0,11",1
GewB_ID160920152711_72,1,FS70,Fassadenstein70,FS70_OFas_BrGe,Fassadenstein70_OFas_BrGe,OFas_BrGe,"0,07","0,11",1
GewB_ID160920152711_73,1,FS71,Fassadenstein71,FS71_OFas_BrGe,Fassadenstein71_OFas_BrGe,OFas_BrGe,"0,20","0,13",1
GewB_ID160920152711_74,1,FS72,Fassadenstein72,FS72_OFas_BrGe,Fassadenstein72_OFas_BrGe,OFas_BrGe,"0,20","0,13",1
GewB_ID160920152711_75,1,FS73,Fassadenstein73,FS73_OFas_BrGe,Fassadenstein73_OFas_BrGe,OFas_BrGe,"0,20","0,13",1
GewB_ID160920152711_76,1,FS74,Fassadenstein74,FS74_OFas_BrGe,Fassadenstein74_OFas_BrGe,OFas_BrGe,"0,20","0,13",1
GewB_ID160920152711_77,1,FS75,Fassadenstein75,FS75_OFas_BrGe,Fassadenstein75_OFas_BrGe,OFas_BrGe,"0,26","0,10",1
GewB_ID160920152711_78,1,FS76,Fassadenstein76,FS76_OFas_BrGe,Fassadenstein76_OFas_BrGe,OFas_BrGe,"0,07","0,10",1
GewB_ID160920152711_79,1,FS77,Fassadenstein77,FS77_OFas_BrGe,Fassadenstein77_OFas_BrGe,OFas_BrGe,"0,07","0,10",1
GewB_ID160920152711_80,1,FS78,Fassadenstein78,FS78_OFas_BrGe,Fassadenstein78_OFas_BrGe,OFas_BrGe,"0,26","0,11",1
GewB_ID160920152711_81,1,FS79,Fassadenstein79,FS79_OFas_BrGe,Fassadenstein79_OFas_BrGe,OFas_BrGe,"0,07","0,11",1
GewB_ID160920152711_82,1,FS80,Fassadenstein80,FS80_OFas_BrGe,Fassadenstein80_OFas_BrGe,OFas_BrGe,"0,15","0,12",1
GewB_ID160920152711_83,1,FS81,Fassadenstein81,FS81_OFas_BrGe,Fassadenstein81_OFas_BrGe,OFas_BrGe,"0,05","0,12",1
GewB_ID160920152711_84,1,FS82,Fassadenstein82,FS82_OFas_BrGe,Fassadenstein82_OFas_BrGe,OFas_BrGe,"0,20","0,12",1
GewB_ID160920152711_85,1,FS83,Fassadenstein83,FS83_OFas_BrGe,Fassadenstein83_OFas_BrGe,OFas_BrGe,"0,07","0,11",1
GewB_ID160920152711_86,1,FS84,Fassadenstein84,FS84_OFas_BrGe,Fassadenstein84_OFas_BrGe,OFas_BrGe,"0,26","0,13",1
GewB_ID160920152711_87,1,FS85,Fassadenstein85,FS85_OFas_BrGe,Fassadenstein85_OFas_BrGe,OFas_BrGe,"0,07","0,13",1
GewB_ID160920152711_88,1,FS86,Fassadenstein86,FS86_OFas_BrGe,Fassadenstein86_OFas_BrGe,OFas_BrGe,"0,07","0,13",1
GewB_ID160920152711_89,1,FS87,Fassadenstein87,FS87_OFas_BrGe,Fassadenstein87_OFas_BrGe,OFas_BrGe,"0,20","0,13",1
GewB_ID160920152711_90,1,FS88,Fassadenstein88,FS88_OFas_BrGe,Fassadenstein88_OFas_BrGe,OFas_BrGe,"0,20","0,13",1
GewB_ID160920152711_91,1,FS89,Fassadenstein89,FS89_OFas_BrGe,Fassadenstein89_OFas_BrGe,OFas_BrGe,"0,40","0,13",1
GewB_ID160920152711_92,1,FS90,Fassadenstein90,FS90_OFas_BrGe,Fassadenstein90_OFas_BrGe,OFas_BrGe,"0,26","0,11",1
GewB_ID160920152711_93,1,FS91,Fassadenstein91,FS91_OFas_BrGe,Fassadenstein91_OFas_BrGe,OFas_BrGe,"0,07","0,11",1
GewB_ID160920152711_94,1,FS92,Fassadenstein92,FS92_OFas_BrGe,Fassadenstein92_OFas_BrGe,OFas_BrGe,"0,07","0,11",1
GewB_ID160920152711_95,1,FS93,Fassadenstein93,FS93_OFas_BrGe,Fassadenstein93_OFas_BrGe,OFas_BrGe,"0,20","0,13",1
GewB_ID160920152711_96,1,FS94,Fassadenstein94,FS94_OFas_BrGe,Fassadenstein94_OFas_BrGe,OFas_BrGe,"0,20","0,13",1
GewB_ID160920152711_97,1,FS95,Fassadenstein95,FS95_OFas_BrGe,Fassadenstein95_OFas_BrGe,OFas_BrGe,"0,20","0,13",1
GewB_ID160920152711_98,1,FS96,Fassadenstein96,FS96_OFas_BrGe,Fassadenstein96_OFas_BrGe,OFas_BrGe,"0,20","0,13",1
GewB_ID160920152711_99,1,FS97,Fassadenstein97,FS97_OFas_BrGe,Fassadenstein97_OFas_BrGe,OFas_BrGe,"0,26","0,10",1
GewB_ID160920152711_100,1,FS98,Fassadenstein98,FS98_OFas_BrGe,Fassadenstein98_OFas_BrGe,OFas_BrGe,"0,07","0,10",1
GewB_ID160920152711_101,1,FS99,Fassadenstein99,FS99_OFas_BrGe,Fassadenstein99_OFas_BrGe,OFas_BrGe,"0,07","0,10",1
GewB_ID160920152711_102,1,FS100,Fassadenstein100,FS100_OFas_BrGe,Fassadenstein100_OFas_BrGe,OFas_BrGe,"0,26","0,11",1
GewB_ID160920152711_103,1,FS101,Fassadenstein101,FS101_OFas_BrGe,Fassadenstein101_OFas_BrGe,OFas_BrGe,"0,07","0,11",1
GewB_ID160920152711_104,1,FS102,Fassadenstein102,FS102_OFas_BrGe,Fassadenstein102_OFas_BrGe,OFas_BrGe,"0,15","0,12",1
GewB_ID160920152711_105,1,FS103,Fassadenstein103,FS103_OFas_BrGe,Fassadenstein103_OFas_BrGe,OFas_BrGe,"0,05","0,12",1
GewB_ID160920152711_106,1,FS104,Fassadenstein104,FS104_OFas_BrGe,Fassadenstein104_OFas_BrGe,OFas_BrGe,"0,20","0,12",1
GewB_ID160920152711_107,1,FS105,Fassadenstein105,FS105_OFas_BrGe,Fassadenstein105_OFas_BrGe,OFas_BrGe,"0,07","0,11",1
GewB_ID160920152711_108,1,FS106,Fassadenstein106,FS106_OFas_BrGe,Fassadenstein106_OFas_BrGe,OFas_BrGe,"0,26","0,13",1
GewB_ID160920152711_109,1,FS107,Fassadenstein107,FS107_OFas_BrGe,Fassadenstein107_OFas_BrGe,OFas_BrGe,"0,07","0,13",1
GewB_ID160920152711_110,1,FS108,Fassadenstein108,FS108_OFas_BrGe,Fassadenstein108_OFas_BrGe,OFas_BrGe,"0,07","0,13",1
GewB_ID160920152711_111,1,FS109,Fassadenstein109,FS109_OFas_BrGe,Fassadenstein109_OFas_BrGe,OFas_BrGe,"0,20","0,13",1
GewB_ID160920152711_112,1,FS110,Fassadenstein110,FS110_OFas_BrGe,Fassadenstein110_OFas_BrGe,OFas_BrGe,"0,20","0,13",1
GewB_ID160920152711_113,1,FS111,Fassadenstein111,FS111_OFas_BrGe,Fassadenstein111_OFas_BrGe,OFas_BrGe,"0,40","0,13",1
GewB_ID160920152711_114,1,FS112,Fassadenstein112,FS112_OFas_BrGe,Fassadenstein112_OFas_BrGe,OFas_BrGe,"0,33","0,11",1
GewB_ID160920152711_115,1,FS113,Fassadenstein113,FS113_OFas_BrGe,Fassadenstein113_OFas_BrGe,OFas_BrGe,"0,07","0,11",1
GewB_ID160920152711_116,1,FS114,Fassadenstein114,FS114_OFas_BrGe,Fassadenstein114_OFas_BrGe,OFas_BrGe,"0,07","0,11",1
GewB_ID160920152711_117,1,FS115,Fassadenstein115,FS115_OFas_BrGe,Fassadenstein115_OFas_BrGe,OFas_BrGe,"0,11","0,13",1
GewB_ID160920152711_118,1,FS116,Fassadenstein116,FS116_OFas_BrGe,Fassadenstein116_OFas_BrGe,OFas_BrGe,"0,24","0,13",1
GewB_ID160920152711_119,1,FS117,Fassadenstein117,FS117_OFas_BrGe,Fassadenstein117_OFas_BrGe,OFas_BrGe,"0,34","0,13",1
GewB_ID160920152711_120,1,FS118,Fassadenstein118,FS118_OFas_BrGe,Fassadenstein118_OFas_BrGe,OFas_BrGe,"0,07","0,13",1
GewB_ID160920152711_121,1,FS119,Fassadenstein119,FS119_OFas_BrGe,Fassadenstein119_OFas_BrGe,OFas_BrGe,"0,24","0,10",1
GewB_ID160920152711_122,1,FS120,Fassadenstein120,FS120_OFas_BrGe,Fassadenstein120_OFas_BrGe,OFas_BrGe,"0,23","0,10",1
GewB_ID160920152711_123,1,FS121,Fassadenstein121,FS121_OFas_BrGe,Fassadenstein121_OFas_BrGe,OFas_BrGe,"0,24","0,11",1
GewB_ID160920152711_124,1,FS122,Fassadenstein122,FS122_OFas_BrGe,Fassadenstein122_OFas_BrGe,OFas_BrGe,"0,24","0,11",1
GewB_ID160920152711_125,1,FS123,Fassadenstein123,FS123_OFas_BrGe,Fassadenstein123_OFas_BrGe,OFas_BrGe,"0,24","0,12",1
GewB_ID160920152711_126,1,FS124,Fassadenstein124,FS124_OFas_BrGe,Fassadenstein124_OFas_BrGe,OFas_BrGe,"0,23","0,12",1
GewB_ID160920152711_127,1,FS125,Fassadenstein125,FS125_OFas_BrGe,Fassadenstein125_OFas_BrGe,OFas_BrGe,"0,24","0,13",1
GewB_ID160920152711_128,1,FS126,Fassadenstein126,FS126_OFas_BrGe,Fassadenstein126_OFas_BrGe,OFas_BrGe,"0,23","0,13",1
GewB_ID160920152711_129,1,FS127,Fassadenstein127,FS127_OFas_BrGe,Fassadenstein127_OFas_BrGe,OFas_BrGe,"0,34","0,13",1
GewB_ID160920152711_130,1,FS128,Fassadenstein128,FS128_OFas_BrGe,Fassadenstein128_OFas_BrGe,OFas_BrGe,"0,07","0,13",1
GewB_ID160920152711_131,1,FS129,Fassadenstein129,FS129_OFas_BrGe,Fassadenstein129_OFas_BrGe,OFas_BrGe,"0,48","0,13",1
GewB_ID160920152711_132,1,FS130,Fassadenstein130,FS130_OFas_BrGe,Fassadenstein130_OFas_BrGe,OFas_BrGe,"0,12","0,13",1
GewB_ID160920152711_133,1,FS131,Fassadenstein131,FS131_OFas_BrGe,Fassadenstein131_OFas_BrGe,OFas_BrGe,"0,07","0,13",1
GewB_ID160920152711_134,1,FS132,Fassadenstein132,FS132_OFas_BrGe,Fassadenstein132_OFas_BrGe,OFas_BrGe,"0,07","0,13",1
GewB_ID160920152711_135,1,FS133,Fassadenstein133,FS133_OFas_BrGe,Fassadenstein133_OFas_BrGe,OFas_BrGe,"0,15","0,11",0
GewB_ID160920152711_136,1,FS134,Fassadenstein134,FS134_OFas_BrGe,Fassadenstein134_OFas_BrGe,OFas_BrGe,"0,13","0,11",0
GewB_ID160920152711_137,1,FS135,Fassadenstein135,FS135_OFas_BrGe,Fassadenstein135_OFas_BrGe,OFas_BrGe,"0,13","0,11",0
GewB_ID160920152711_138,1,FS136,Fassadenstein136,FS136_OFas_BrGe,Fassadenstein136_OFas_BrGe,OFas_BrGe,"0,29","0,11",0
GewB_ID160920152711_139,1,FS137,Fassadenstein137,FS137_OFas_BrGe,Fassadenstein137_OFas_BrGe,OFas_BrGe,"0,10","0,11",0
GewB_ID160920152711_140,1,FS138,Fassadenstein138,FS138_OFas_BrGe,Fassadenstein138_OFas_BrGe,OFas_BrGe,"0,17","0,15",0
GewB_ID160920152711_141,1,FS139,Fassadenstein139,FS139_OFas_BrGe,Fassadenstein139_OFas_BrGe,OFas_BrGe,"0,21","0,15",0
GewB_ID160920152711_142,1,FS140,Fassadenstein140,FS140_OFas_BrGe,Fassadenstein140_OFas_BrGe,OFas_BrGe,"0,41","0,14",0
GewB_ID160920152711_143,1,FS141,Fassadenstein141,FS141_OFas_BrGe,Fassadenstein141_OFas_BrGe,OFas_BrGe,"0,26","0,11",0
GewB_ID160920152711_144,1,FS142,Fassadenstein142,FS142_OFas_BrGe,Fassadenstein142_OFas_BrGe,OFas_BrGe,"0,26","0,11",0
GewB_ID160920152711_145,1,FS143,Fassadenstein143,FS143_OFas_BrGe,Fassadenstein143_OFas_BrGe,OFas_BrGe,"0,26","0,11",0
GewB_ID160920152711_146,1,FS144,Fassadenstein144,FS144_OFas_BrGe,Fassadenstein144_OFas_BrGe,OFas_BrGe,"0,16","0,14",0
GewB_ID160920152711_147,1,FS145,Fassadenstein145,FS145_OFas_BrGe,Fassadenstein145_OFas_BrGe,OFas_BrGe,"0,25","0,14",0
GewB_ID160920152711_148,1,FS146,Fassadenstein146,FS146_OFas_BrGe,Fassadenstein146_OFas_BrGe,OFas_BrGe,"0,14","0,14",0
GewB_ID160920152711_149,1,FS147,Fassadenstein147,FS147_OFas_BrGe,Fassadenstein147_OFas_BrGe,OFas_BrGe,"0,12","0,14",0
GewB_ID160920152711_150,1,FS148,Fassadenstein148,FS148_OFas_BrGe,Fassadenstein148_OFas_BrGe,OFas_BrGe,"0,32","0,11",0
GewB_ID160920152711_151,1,FS149,Fassadenstein149,FS149_OFas_BrGe,Fassadenstein149_OFas_BrGe,OFas_BrGe,"0,26","0,11",0
GewB_ID160920152711_152,1,FS150,Fassadenstein150,FS150_OFas_BrGe,Fassadenstein150_OFas_BrGe,OFas_BrGe,"0,32","0,11",0
GewB_ID160920152711_153,1,FS151,Fassadenstein151,FS151_OFas_BrGe,Fassadenstein151_OFas_BrGe,OFas_BrGe,"0,32","0,11",0
GewB_ID160920152711_154,1,FS152,Fassadenstein152,FS152_OFas_BrGe,Fassadenstein152_OFas_BrGe,OFas_BrGe,"0,32","0,11",0
GewB_ID160920152711_155,1,FS153,Fassadenstein153,FS153_OFas_BrGe,Fassadenstein153_OFas_BrGe,OFas_BrGe,"0,32","0,11",0
GewB_ID160920152711_156,1,FS154,Fassadenstein154,FS154_OFas_BrGe,Fassadenstein154_OFas_BrGe,OFas_BrGe,"0,32","0,11",0
GewB_ID160920152711_157,1,FS155,Fassadenstein155,FS155_OFas_BrGe,Fassadenstein155_OFas_BrGe,OFas_BrGe,"0,03","0,11",0
GewB_ID160920152711_158,1,FS156,Fassadenstein156,FS156_OFas_BrGe,Fassadenstein156_OFas_BrGe,OFas_BrGe,"0,24","0,13",0
GewB_ID160920152711_159,1,FS157,Fassadenstein157,FS157_OFas_BrGe,Fassadenstein157_OFas_BrGe,OFas_BrGe,"0,17","0,13",0
GewB_ID160920152711_160,1,FS158,Fassadenstein158,FS158_OFas_BrGe,Fassadenstein158_OFas_BrGe,OFas_BrGe,"0,03","0,15",0
GewB_ID160920152711_161,1,FS159,Fassadenstein159,FS159_OFas_BrGe,Fassadenstein159_OFas_BrGe,OFas_BrGe,"0,15","0,14",0
GewB_ID160920152711_162,1,FS160,Fassadenstein160,FS160_OFas_BrGe,Fassadenstein160_OFas_BrGe,OFas_BrGe,"0,28","0,14",0
GewB_ID160920152711_163,1,FS161,Fassadenstein161,FS161_OFas_BrGe,Fassadenstein161_OFas_BrGe,OFas_BrGe,"0,10","0,14",0
GewB_ID160920152711_164,1,FS162,Fassadenstein162,FS162_OFas_BrGe,Fassadenstein162_OFas_BrGe,OFas_BrGe,"0,02","0,14",0
GewB_ID160920152711_165,1,FS163,Fassadenstein163,FS163_OFas_BrGe,Fassadenstein163_OFas_BrGe,OFas_BrGe,"0,13","0,14",0
GewB_ID160920152711_166,1,FS164,Fassadenstein164,FS164_OFas_BrGe,Fassadenstein164_OFas_BrGe,OFas_BrGe,"0,20","0,14",0
GewB_ID160920152711_167,1,FS165,Fassadenstein165,FS165_OFas_BrGe,Fassadenstein165_OFas_BrGe,OFas_BrGe,"0,08","0,14",0
GewB_ID160920152711_168,1,FS166,Fassadenstein166,FS166_OFas_BrGe,Fassadenstein166_OFas_BrGe,OFas_BrGe,"0,41","0,15",0
GewB_ID160920152711_169,1,FS167,Fassadenstein167,FS167_OFas_BrGe,Fassadenstein167_OFas_BrGe,OFas_BrGe,"0,25","0,15",0
GewB_ID160920152711_170,1,FS168,Fassadenstein168,FS168_OFas_BrGe,Fassadenstein168_OFas_BrGe,OFas_BrGe,"0,16","0,15",0
GewB_ID160920152711_171,1,FS169,Fassadenstein169,FS169_OFas_BrGe,Fassadenstein169_OFas_BrGe,OFas_BrGe,"0,22","0,08",0
GewB_ID160920152711_172,1,FS170,Fassadenstein170,FS170_OFas_BrGe,Fassadenstein170_OFas_BrGe,OFas_BrGe,"0,16","0,08",0
GewB_ID160920152711_173,1,FS171,Fassadenstein171,FS171_OFas_BrGe,Fassadenstein171_OFas_BrGe,OFas_BrGe,"0,03","0,08",0
GewB_ID160920152711_174,1,FS172,Fassadenstein172,FS172_OFas_BrGe,Fassadenstein172_OFas_BrGe,OFas_BrGe,"0,15","0,14",0
GewB_ID160920152711_175,1,FS173,Fassadenstein173,FS173_OFas_BrGe,Fassadenstein173_OFas_BrGe,OFas_BrGe,"0,08","0,14",0
GewB_ID160920152711_176,1,FS174,Fassadenstein174,FS174_OFas_BrGe,Fassadenstein174_OFas_BrGe,OFas_BrGe,"0,14","0,15",0
GewB_ID160920152711_177,1,FS175,Fassadenstein175,FS175_OFas_BrGe,Fassadenstein175_OFas_BrGe,OFas_BrGe,"0,23","0,15",0
GewB_ID160920152711_178,1,FS176,Fassadenstein176,FS176_OFas_BrGe,Fassadenstein176_OFas_BrGe,OFas_BrGe,"0,23","0,15",0
GewB_ID160920152711_179,1,FS177,Fassadenstein177,FS177_OFas_BrGe,Fassadenstein177_OFas_BrGe,OFas_BrGe,"0,14","0,15",0
GewB_ID160920152711_180,1,FS178,Fassadenstein178,FS178_OFas_BrGe,Fassadenstein178_OFas_BrGe,OFas_BrGe,"0,08","0,15",0
GewB_ID160920152711_181,1,FS179,Fassadenstein179,FS179_OFas_BrGe,Fassadenstein179_OFas_BrGe,OFas_BrGe,"0,08","0,15",0
GewB_ID160920152711_182,1,FS180,Fassadenstein180,FS180_OFas_BrGe,Fassadenstein180_OFas_BrGe,OFas_BrGe,"0,23","0,15",0
GewB_ID160920152711_183,1,FS181,Fassadenstein181,FS181_OFas_BrGe,Fassadenstein181_OFas_BrGe,OFas_BrGe,"0,14","0,16",0
GewB_ID160920152711_184,1,FS182,Fassadenstein182,FS182_OFas_BrGe,Fassadenstein182_OFas_BrGe,OFas_BrGe,"0,09","0,16",0
GewB_ID160920152711_185,1,FS183,Fassadenstein183,FS183_OFas_BrGe,Fassadenstein183_OFas_BrGe,OFas_BrGe,"0,23","0,09",0
GewB_ID160920152711_186,1,FS184,Fassadenstein184,FS184_OFas_BrGe,Fassadenstein184_OFas_BrGe,OFas_BrGe,"0,23","0,15",0
GewB_ID160920152711_187,1,FS185,Fassadenstein185,FS185_OFas_BrGe,Fassadenstein185_OFas_BrGe,OFas_BrGe,"0,12","0,14",0
GewB_ID160920152711_188,1,FS186,Fassadenstein186,FS186_OFas_BrGe,Fassadenstein186_OFas_BrGe,OFas_BrGe,"0,10","0,14",0
GewB_ID160920152711_189,1,FS187,Fassadenstein187,FS187_OFas_BrGe,Fassadenstein187_OFas_BrGe,OFas_BrGe,"0,12","0,15",0
GewB_ID160920152711_190,1,FS188,Fassadenstein188,FS188_OFas_BrGe,Fassadenstein188_OFas_BrGe,OFas_BrGe,"0,10","0,15",0
GewB_ID160920152711_191,1,FS189,Fassadenstein189,FS189_OFas_BrGe,Fassadenstein189_OFas_BrGe,OFas_BrGe,"0,15","0,15",0
GewB_ID160920152711_192,1,FS190,Fassadenstein190,FS190_OFas_BrGe,Fassadenstein190_OFas_BrGe,OFas_BrGe,"0,23","0,15",0
GewB_ID160920152711_193,1,FS191,Fassadenstein191,FS191_OFas_BrGe,Fassadenstein191_OFas_BrGe,OFas_BrGe,"0,19","0,20",0
GewB_ID160920152711_194,1,FS192,Fassadenstein192,FS192_OFas_BrGe,Fassadenstein192_OFas_BrGe,OFas_BrGe,"0,21","0,15",0
GewB_ID160920152711_195,1,FS193,Fassadenstein193,FS193_OFas_BrGe,Fassadenstein193_OFas_BrGe,OFas_BrGe,"0,03","0,15",0
GewB_ID160920152711_196,1,FS194,Fassadenstein194,FS194_OFas_BrGe,Fassadenstein194_OFas_BrGe,OFas_BrGe,"0,05","0,20",0
GewB_ID160920152711_197,1,FS195,Fassadenstein195,FS195_OFas_BrGe,Fassadenstein195_OFas_BrGe,OFas_BrGe,"0,25","0,14",0
GewB_ID160920152711_198,1,FS196,Fassadenstein196,FS196_OFas_BrGe,Fassadenstein196_OFas_BrGe,OFas_BrGe,"0,12","0,21",0
GewB_ID160920152711_199,1,FS197,Fassadenstein197,FS197_OFas_BrGe,Fassadenstein197_OFas_BrGe,OFas_BrGe,"0,25","0,21",0
GewB_ID160920152711_200,1,FS198,Fassadenstein198,FS198_OFas_BrGe,Fassadenstein198_OFas_BrGe,OFas_BrGe,"0,27","0,09",0
GewB_ID160920152711_201,1,FS199,Fassadenstein199,FS199_OFas_BrGe,Fassadenstein199_OFas_BrGe,OFas_BrGe,"0,11","0,20",0
GewB_ID160920152711_202,1,FS200,Fassadenstein200,FS200_OFas_BrGe,Fassadenstein200_OFas_BrGe,OFas_BrGe,"0,27","0,12",0
GewB_ID160920152711_203,1,FS201,Fassadenstein201,FS201_OFas_BrGe,Fassadenstein201_OFas_BrGe,OFas_BrGe,"0,10","0,12",0
GewB_ID160920152711_204,1,FS202,Fassadenstein202,FS202_OFas_BrGe,Fassadenstein202_OFas_BrGe,OFas_BrGe,"0,07","0,13",0
GewB_ID160920152711_205,1,FS203,Fassadenstein203,FS203_OFas_BrGe,Fassadenstein203_OFas_BrGe,OFas_BrGe,"0,30","0,13",0
GewB_ID160920152711_206,1,FS204,Fassadenstein204,FS204_OFas_BrGe,Fassadenstein204_OFas_BrGe,OFas_BrGe,"0,07","0,20",0
GewB_ID160920152711_207,1,FS205,Fassadenstein205,FS205_OFas_BrGe,Fassadenstein205_OFas_BrGe,OFas_BrGe,"0,30","0,20",0
GewB_ID160920152711_208,1,FS206,Fassadenstein206,FS206_OFas_BrGe,Fassadenstein206_OFas_BrGe,OFas_BrGe,"0,18","0,20",0
GewB_ID160920152711_209,1,FS207,Fassadenstein207,FS207_OFas_BrGe,Fassadenstein207_OFas_BrGe,OFas_BrGe,"0,13","0,20",0
GewB_ID160920152711_210,1,FS208,Fassadenstein208,FS208_OFas_BrGe,Fassadenstein208_OFas_BrGe,OFas_BrGe,"0,18","0,19",0
GewB_ID160920152711_211,1,FS209,Fassadenstein209,FS209_OFas_BrGe,Fassadenstein209_OFas_BrGe,OFas_BrGe,"0,08","0,19",0
GewB_ID160920152711_212,1,FS210,Fassadenstein210,FS210_OFas_BrGe,Fassadenstein210_OFas_BrGe,OFas_BrGe,"0,13","0,15",0
GewB_ID160920152711_213,1,FS211,Fassadenstein211,FS211_OFas_BrGe,Fassadenstein211_OFas_BrGe,OFas_BrGe,"0,10","0,19",0
GewB_ID160920152711_214,1,FS212,Fassadenstein212,FS212_OFas_BrGe,Fassadenstein212_OFas_BrGe,OFas_BrGe,"0,12","0,14",0
GewB_ID160920152711_215,1,FS213,Fassadenstein213,FS213_OFas_BrGe,Fassadenstein213_OFas_BrGe,OFas_BrGe,"0,03","0,09",0
GewB_ID160920152711_216,1,FS214,Fassadenstein214,FS214_OFas_BrGe,Fassadenstein214_OFas_BrGe,OFas_BrGe,"0,07","0,09",0
GewB_ID160920152711_217,1,FS215,Fassadenstein215,FS215_OFas_BrGe,Fassadenstein215_OFas_BrGe,OFas_BrGe,"0,15","0,15",0
GewB_ID160920152711_218,1,FS216,Fassadenstein216,FS216_OFas_BrGe,Fassadenstein216_OFas_BrGe,OFas_BrGe,"0,24","0,15",0
GewB_ID160920152711_219,1,FS217,Fassadenstein217,FS217_OFas_BrGe,Fassadenstein217_OFas_BrGe,OFas_BrGe,"0,19","0,19",0
GewB_ID160920152711_220,1,FS218,Fassadenstein218,FS218_OFas_BrGe,Fassadenstein218_OFas_BrGe,OFas_BrGe,"0,13","0,15",0
GewB_ID160920152711_221,1,FS219,Fassadenstein219,FS219_OFas_BrGe,Fassadenstein219_OFas_BrGe,OFas_BrGe,"0,26","0,18",0
GewB_ID160920152711_222,1,FS220,Fassadenstein220,FS220_OFas_BrGe,Fassadenstein220_OFas_BrGe,OFas_BrGe,"0,05","0,19",0
GewB_ID160920152711_223,1,FS221,Fassadenstein221,FS221_OFas_BrGe,Fassadenstein221_OFas_BrGe,OFas_BrGe,"0,20","0,20",0
GewB_ID160920152711_224,1,FS222,Fassadenstein222,FS222_OFas_BrGe,Fassadenstein222_OFas_BrGe,OFas_BrGe,"0,14","0,26",0
GewB_ID160920152711_225,1,FS223,Fassadenstein223,FS223_OFas_BrGe,Fassadenstein223_OFas_BrGe,OFas_BrGe,"0,06","0,21",0
GewB_ID160920152711_226,1,FS224,Fassadenstein224,FS224_OFas_BrGe,Fassadenstein224_OFas_BrGe,OFas_BrGe,"0,23","0,09",0
GewB_ID160920152711_227,1,FS225,Fassadenstein225,FS225_OFas_BrGe,Fassadenstein225_OFas_BrGe,OFas_BrGe,"0,13","0,18",0
GewB_ID160920152711_228,1,FS226,Fassadenstein226,FS226_OFas_BrGe,Fassadenstein226_OFas_BrGe,OFas_BrGe,"0,13","0,20",0
GewB_ID160920152711_229,1,FS227,Fassadenstein227,FS227_OFas_BrGe,Fassadenstein227_OFas_BrGe,OFas_BrGe,"0,20","0,12",0
GewB_ID160920152711_230,1,FS228,Fassadenstein228,FS228_OFas_BrGe,Fassadenstein228_OFas_BrGe,OFas_BrGe,"0,08","0,18",0
GewB_ID160920152711_231,1,FS229,Fassadenstein229,FS229_OFas_BrGe,Fassadenstein229_OFas_BrGe,OFas_BrGe,"0,31","0,18",0
GewB_ID160920152711_232,1,FS230,Fassadenstein230,FS230_OFas_BrGe,Fassadenstein230_OFas_BrGe,OFas_BrGe,"0,18","0,18",0
GewB_ID160920152711_233,1,FS231,Fassadenstein231,FS231_OFas_BrGe,Fassadenstein231_OFas_BrGe,OFas_BrGe,"0,14","0,19",0
GewB_ID160920152711_234,1,FS232,Fassadenstein232,FS232_OFas_BrGe,Fassadenstein232_OFas_BrGe,OFas_BrGe,"0,12","0,20",0
GewB_ID160920152711_235,1,FS233,Fassadenstein233,FS233_OFas_BrGe,Fassadenstein233_OFas_BrGe,OFas_BrGe,"0,05","0,25",0
GewB_ID160920152711_236,1,FS234,Fassadenstein234,FS234_OFas_BrGe,Fassadenstein234_OFas_BrGe,OFas_BrGe,"0,08","0,17",0
GewB_ID160920152711_237,1,FS235,Fassadenstein235,FS235_OFas_BrGe,Fassadenstein235_OFas_BrGe,OFas_BrGe,"0,06","0,09",0
GewB_ID160920152711_238,1,FS236,Fassadenstein236,FS236_OFas_BrGe,Fassadenstein236_OFas_BrGe,OFas_BrGe,"0,08","0,20",0
GewB_ID160920152711_239,1,FS237,Fassadenstein237,FS237_OFas_BrGe,Fassadenstein237_OFas_BrGe,OFas_BrGe,"0,14","0,21",0
GewB_ID160920152711_240,1,FS238,Fassadenstein238,FS238_OFas_BrGe,Fassadenstein238_OFas_BrGe,OFas_BrGe,"0,20","0,15",0
GewB_ID160920152711_241,1,FS239,Fassadenstein239,FS239_OFas_BrGe,Fassadenstein239_OFas_BrGe,OFas_BrGe,"0,04","0,26",0
GewB_ID160920152711_242,1,FS240,Fassadenstein240,FS240_OFas_BrGe,Fassadenstein240_OFas_BrGe,OFas_BrGe,"0,10","0,16",0
GewB_ID160920152711_243,1,FS241,Fassadenstein241,FS241_OFas_BrGe,Fassadenstein241_OFas_BrGe,OFas_BrGe,"0,08","0,16",0
GewB_ID160920152711_244,1,FS242,Fassadenstein242,FS242_OFas_BrGe,Fassadenstein242_OFas_BrGe,OFas_BrGe,"0,05","0,14",0
GewB_ID160920152711_245,1,FS243,Fassadenstein243,FS243_OFas_BrGe,Fassadenstein243_OFas_BrGe,OFas_BrGe,"0,09","0,20",0
GewB_ID160920152711_246,1,FS244,Fassadenstein244,FS244_OFas_BrGe,Fassadenstein244_OFas_BrGe,OFas_BrGe,"0,08","0,18",0
GewB_ID160920152711_247,1,FS245,Fassadenstein245,FS245_OFas_BrGe,Fassadenstein245_OFas_BrGe,OFas_BrGe,"0,06","0,15",0
GewB_ID160920152711_248,1,FS246,Fassadenstein246,FS246_OFas_BrGe,Fassadenstein246_OFas_BrGe,OFas_BrGe,"0,13","0,20",0
GewB_ID160920152711_249,1,FS247,Fassadenstein247,FS247_OFas_BrGe,Fassadenstein247_OFas_BrGe,OFas_BrGe,"0,04","0,16",0
GewB_ID160920152711_250,1,FS248,Fassadenstein248,FS248_OFas_BrGe,Fassadenstein248_OFas_BrGe,OFas_BrGe,"0,06","0,20",0
GewB_ID160920152711_251,1,FS249,Fassadenstein249,FS249_OFas_BrGe,Fassadenstein249_OFas_BrGe,OFas_BrGe,"0,05","0,05",0
GewB_ID160920152711_252,1,FS250,Fassadenstein250,FS250_OFas_BrGe,Fassadenstein250_OFas_BrGe,OFas_BrGe,"0,05","0,25",0
GewB_ID160920152711_253,1,FS251,Fassadenstein251,FS251_OFas_BrGe,Fassadenstein251_OFas_BrGe,OFas_BrGe,"0,04","0,25",0
GewB_ID160920152711_254,1,FS252,Fassadenstein252,FS252_OFas_BrGe,Fassadenstein252_OFas_BrGe,OFas_BrGe,"0,03","0,20",0
GewB_ID160920152711_255,1,FS253,Fassadenstein253,FS253_OFas_BrGe,Fassadenstein253_OFas_BrGe,OFas_BrGe,"0,20","0,20",0
GewB_ID160920152711_256,1,FS254,Fassadenstein254,FS254_OFas_BrGe,Fassadenstein254_OFas_BrGe,OFas_BrGe,"0,16","0,11",0
GewB_ID160920152711_257,1,FS255,Fassadenstein255,FS255_OFas_BrGe,Fassadenstein255_OFas_BrGe,OFas_BrGe,"0,03","0,11",0
GewB_ID160920152711_258,1,FS256,Fassadenstein256,FS256_OFas_BrGe,Fassadenstein256_OFas_BrGe,OFas_BrGe,"0,20","0,19",0
GewB_ID160920152711_259,1,FS257,Fassadenstein257,FS257_OFas_BrGe,Fassadenstein257_OFas_BrGe,OFas_BrGe,"0,11","0,14",0
GewB_ID160920152711_260,1,FS258,Fassadenstein258,FS258_OFas_BrGe,Fassadenstein258_OFas_BrGe,OFas_BrGe,"0,08","0,14",0
GewB_ID160920152711_261,1,FS259,Fassadenstein259,FS259_OFas_BrGe,Fassadenstein259_OFas_BrGe,OFas_BrGe,"0,20","0,19",0
GewB_ID160920152711_262,1,FS260,Fassadenstein260,FS260_OFas_BrGe,Fassadenstein260_OFas_BrGe,OFas_BrGe,"0,07","0,21",0
GewB_ID160920152711_263,1,FS261,Fassadenstein261,FS261_OFas_BrGe,Fassadenstein261_OFas_BrGe,OFas_BrGe,"0,07","0,09",0
GewB_ID160920152711_264,1,FS262,Fassadenstein262,FS262_OFas_BrGe,Fassadenstein262_OFas_BrGe,OFas_BrGe,"0,09","0,11",0
GewB_ID160920152711_265,1,FS263,Fassadenstein263,FS263_OFas_BrGe,Fassadenstein263_OFas_BrGe,OFas_BrGe,"0,11","0,11",0
GewB_ID160920152711_266,1,FS264,Fassadenstein264,FS264_OFas_BrGe,Fassadenstein264_OFas_BrGe,OFas_BrGe,"0,07","0,21",0
GewB_ID160920152711_267,1,FS265,Fassadenstein265,FS265_OFas_BrGe,Fassadenstein265_OFas_BrGe,OFas_BrGe,"0,12","0,21",0
GewB_ID160920152711_268,1,FS266,Fassadenstein266,FS266_OFas_BrGe,Fassadenstein266_OFas_BrGe,OFas_BrGe,"0,17","0,09",0
GewB_ID160920152711_269,1,FS267,Fassadenstein267,FS267_OFas_BrGe,Fassadenstein267_OFas_BrGe,OFas_BrGe,"0,04","0,03",0
GewB_ID160920152711_270,1,FS268,Fassadenstein268,FS268_OFas_BrGe,Fassadenstein268_OFas_BrGe,OFas_BrGe,"0,05","0,05",0
GewB_ID160920152711_2,4,OFas,Ostfassade,OFas_BrGe,Ostfassade_BrGe,BrGe,"16,70","9,01",0
GewB_ID160920152711_1,6,BrGe,BremenGewerbehaus,BrGe,BremenGewerbehaus_,,"16,70","9,01",0
