Datum,Titel,Ereignis,Personen,Literatur,Archiv,Sign./Inv.,Folierung
um 1646,Memorial über Steinlieferungen,"Auflistung von Bentheimer Steinlieferungen für die Jahre 1643 bis 1646, aufgeteilt in Block- und Maetsteen. Dabei Hinweise auf den Steinhändler Herman Lamberts, der im Jahr 1643 nicht mehr als 6462 Block Stein geliefert habe. Verfasser macht auch auf 2000 Fuß Steine aufmerksam, die noch abtransportiert werden müssen und für die Zwoller Steinhändler bestimmt sind.",Herman Lamberts (Steinkäufer),,"ZWHCO, ","0700, inv.1697",unfoliert
1646-02-17,Schreiben der Zwoller Steinhändler an den Zwoller Rat bezüglich des baldigen Ablaufes des zwischen ihnen und den Gildehauser Steinhändlern geschlossenen 3-Jahres-Vertrag,"Die Steinhändler aus Zwolle berichten ihren Stadtobersten über den baldigen Auslauf des 1643 für drei Jahre geschlossenen Vertrags über Steinabnahme von Gildehauser Steinhändler am kommenden Martini. Sie weisen darauf hin, dass dieser lukrative Handel auch bei holländischen Händlern Interesse geweckt habe.",#12486; #12487; #12488; Steinhändler Zwolle,,ZWHCO ,0700 inv. 712,unfoliert
1646-02-28,Eingangsbestätigung eines Schreibens des Rats von Zwolle in der Kanzlei der Grafschaft Bentheim,,#12239,,ZWHCO ,"0700, inv. 712",unfoliert
[J] 1646-03-17; [G] 1646-03-06,Vertrag zwischen Wilhelm Graf zu Bentheim und Hyndryk Spiering über Steinhandel innerhalb von 3 Jahren,"Am 1646-05-06 kommt es zum Vertragsabschluss bezüglich des Steinhandels zwischen Graf Wilhelm zu Bentheim und Hendrik Spiering, Kaufmann aus Amsterdam.  Der Vertrag soll an Martini 1646 in Kraft treten und an Martini 1649 auslaufen. Darüber hinaus wurde den Zwoller Steinhändlern, die bis Martini 1643 einen Vertrag über die Steinabnahme mit dem Grafen vereinbart hatten, zugestanden, drei Jahre lang jährlich 20 000 Fuß Sandstein geliefert zu bekommen. Der Vertrag geht von einer jährlichen Ausbeute von 80 000 Fuß Sandstein aus. Die Amsterdamer Händler sollen davon 60 000 erhalten. Falls mehr abgebaut wird, soll dieser Überschuss auch an die Amsterdamer gehen, es sei denn sie benötigten ihn nicht. Dann kämen die Zwoller Steinhändler zum Zuge. „Soll bei Jeder Taußendt fueß Blocksteine geliefert werden, hundert Cantelen, gerchnet uff einen halben fueß, unnd dreißig Posten“ Den Bentheimer Grafen und den dortigen Steinhändlern wird der Steinhandel nach „Twente, Emßstroom, ins Stifft Münster“ und zum Eigenbedarf des Grafen zugestanden. Außerdem treten Ausnahmeregelungen bezüglich der Mauersteine für den Haarlemer Deich in Kraft.  Die Abnahme der Steinmenge pro Jahr wird ebenfalls geregelt. Im ersten Jahr erhalten die Amsterdamer zunächst 50 000 Fuß, die Zwoller 10 000, die Amsterdamer noch einmal 10 000 und auch die Zwoller noch einmal 10 000 Fuß. In den folgenden zwei Vertragsjahren sollen die Amsterdamer zweimal 30 000 Fuß und die Zwoller zweimal 10 000 Fuß erhalten. Der Kauf soll direkt in Bentheim, am Ufer, mit den jeweiligen Kuhlpächtern abgeschlossen werden, die dort ihre Steine „nach form vnd maeß“ lagern. Der Graf erhält die Abgaben von „Schütengeldt“ und den „Kauffpfenninge“ jeweils an Ostern und Michaelis. Spiering und Co. müssen darüber hinaus eine Kaution stellen. Dafür wird ihnen der alleinige Handel in die Niederlande zu gestanden. Der Steinpreis soll nicht unter dem bisherigen Preis der Zwoller Steinhändler angesetzt werden.
Verknüpfungswunsch: #1",#951; #639,,FAB ,Bent A 1551,unfoliert
[G] 1646-12-22,Schreiben von Hendrick Spiering aus Amsterdam an Stadt Hasselt bezüglich Verlegung des Stapels für Bentheimer Sandstein nach Hasselt,"Spiering macht in seinem Schreiben deutlich, dass er zusammen mit seinen Kompagnons einen Handelsvertrag über die Abnahme von ¾ aller in der Grafschaft Bentheim gebrochener Steine mit dem Graf von Bentheim und den dortigen Steinkuhlenpächtern geschlossen hat. Er schlägt der Stadt Hasselt vor, den Steinlagerplatz dorthin zu verlegen, da die Steine in Pramen die Vechte hinunter geschifft würden. Dafür müsse die Stadt allerdings einen „zeker plaetse, ofte walle, om de selve Steen opteleggen, bysonder alsser met schepen genoeg gereed soude mogen zyn, om de gemelde pramen terstond in telossen, en na Holland tevoeren“ benötige, den er in Hasselt zu finden glaubt. Hasselt solle dem Faktor der Steinhändler ein Angebot machen, wie es bereits die Stadt Zwolle getan habe.
Verknüpfungswunsch: #12240; #1",#12241; #639; #951,,ZWHCO ,1365.1 inv. 918,unfoliert
um 1647,Memoria über den Stand des Steinhandels in Zwolle,"Hinweis auf einen Steinhandelsvertrag, den die Zwoller Kaufleute mit den Kaufleuten der Grafschaft Bentheim und den dortigen Kuhlherren am 1643-10-26 ausgehandelt haben. Dabei haben sie eine Abnahme von 68 000 Fuß Stein bis Martini 1646 vereinbart. Bisher fehlen noch 2000 Blöcke Stein, die bald nach Zwolle geliefert werden sollten. Nun ist den Zwoller Händlern zu Ohren gekommen, dass im Jahr 1645 der Graf von Bentheim in Person von Sr. Oftenbeck mit holländischen Kaufleuten über einen Steinhandelsvertrag berate. Diese sollen in den kommenden 3 Jahren 80 000 Fuß Stein jährlich erhalten. Der mit den Holländern geschlossene Vertrag sehe für die Zwoller ein Steinkontingent von 20 000 Fuß Stein vor. Dieser Menge haben die Zwoller auch zugestimmt, auch da „die van Zwoll het verpreck van leverantie met de H. H. Thesauriers van Amsterdam hadden gemackt.“ Vertrag sollte noch einmal geändert werden, aber den Zwollern ist diese Veränderung nicht mitgeteilt bzw. verspätet mitgeteilt worden. 1646-06-18 pachteten die Zwoller Kaufleute durch Berent Frerinck und Johan Kuper für drei Jahre eine Steinkuhle in der Grafschaft Bentheim, „genoemt Hoitinge coule“, den dort gebrochenen Stein habe der Graf dann arrestieren lassen. Zwoller Magistrat hat dann, unterstützt von Bürgermeister und Regierenden der Stadt Amsterdam an den Grafen geschrieben.
Verknüpfungswunsch: #5726; #1; ","#12239; #639; #951; #5740; #5741; Bürgermeister Schuirman,  Bentheimer Vertreter Sr. Oftenbeck ",,ZWHCO ,0700 inv. 1698,unfoliert
1649-01-03,"Schreiben des Zwoller Rats an  „confrater“ Reuse, bei der Versammlung der Staaten von Overijssel in Kampen bezüglich der Abwanderung des Steinhandels nach Holland","Schreiben betont, dass Handel mit Bentheimer Stein nicht nur für Zwolle sondern für das ganze Gebiet „Overijssel“ von Bedeutung sei. Bitte an Reuse die Deputierten der Staaten von Overijssel dazu zu bringen, mit dem Grafen von Bentheim in Kontakt zu treten und sich für den Verbleib des Steinhandels in Overijssel einzusetzen.
Verknüpfungswunsch: #27",#12239; Reuse („Confrater“ und „gedeputeerder tot Campen“),,ZWHCO ,0700 Inv. 757,unfoliert
[G] 1649-02-26; [J] 1649-02-16,Konzept eines Schreiben des Rat von Zwolle an eine unbekannte Person mit Ersuch um Unterstützung bei Verhandlungen über den Steinhandel mit dem Grafen von Bentheim,"Bürgermeister, Schepen und Rat der Stadt Zwolle wenden sich an diese unbekannte Person, da diese für ihr gutes Verhältnis zum Bentheimer Grafen bekannt sei. Wunsch der Stadt ist es, den Steinhandel auch für die kommenden Jahre für ihre eingesessenen Kaufleute zu sichern, insbesondere, da der Handel „van lange tyden geowaerts aende Ingesetenen van dese Stadt Swolle is geweest.“ Die Stadt erhofft sich vom Adressaten eine Empfehlung an den Grafen.
Verknüpfungswunsch: #5726; #1",#12239; #951,,ZWHCO ,0700 Inv. 757,unfoliert
um 1650,"Auszug aus den Konditionen für den Steinstapel in Hasselt, ausgehandelt mit Steinhändler Spiering","Auszug aus den Bedingungen für einen Stapelplatz für Bentheimer Sandstein in Hasselt, den Spiering mit dem Hasselar Magistrat ausgehandelt hat. Dabei geht es um die Gebühren für die Abfuhr des Steins nach Amsterdam, Hoorn, Enckhuisen, Medenblick, sowie nach Haarlem, Leiden und Utrecht. Auch Gouda, Rotterdam, Dort werden genannt. Auch die Kosten für das Umladen, der Arbeiterlohn und der Messlohn werden aufgezählt.
Verknüpfungswunsch: #12240",#12240; #639,,ZWHCO,"0700, inv. 1698",unfoliert
1650-09-10,Konzept-Schreiben des Zwoller Rats an den Grafen zu Bentheim bezüglich neuer Verhandlungen über den Steinhandel,"Schreiben erfolgt im Zusammenhang mit dem Auslaufen des ersten Vertrags zwischen den Holländischen Steinhändlern und dem Grafen zu Bentheim. Dieses Auslaufen ist den Regierenden von Zwolle mitgeteilt worden und sie bitten den Grafen nun, bei neuen Verhandlungen auch die Steinhändler von Zwolle als mögliche Vertragspartner in Betrachtung zu ziehen",#12239; Joannes Buiss (Zwoller Tresorier),,ZWHCO ,0700 inv. 757,unfoliert
nach dem 1650-10-02 ?,Ratsprotokoll über Verhandlungen zwischen dem Magistrat von Zwolle und der Steinhandelskompanie Hendrick Spierings bezüglich der Stapelkonditionen in Zwolle in Konkurrenz zu Hasselt,"Magistrat von Zwolle nimmt Vorschlag von Hendrick Spiering an, Steinlagerplatz für seine Kompanie in Zwolle anzulegen. Dabei greifen sie auf dieselben Konditionen zurück, die Spiering auch von der Stadt Hasselt angeboten worden sind. Zuvor wurden Informationen über Spiering und seine Kreditwürdigkeit beim Grafen von Bentheim eingeholt und Spiering selbst legt den Vertrag zwischen seiner Kompanie und dem Grafen den Abgeordneten von Zwolle vor. Schlussendlich steht der Einrichtung eines Steinlagerplatzes und die Befreiung von Zoll für Spiering gegen eine Zahlung von fl25 000-0stvr-0pen gl nichts im Wege
Verknüpfungswunsch: #12240; #5726; #12239","#639; #951; Zwoller Kämmerer Nycheank, Zwoller Kämmerer Beech, Lawick",,ZWHCO ,0700 inv. 42,72v-73r
[G] 1650-10-04,Beschluss von des Zwoller Magistrats auf Angebot Hendrick Spiering zur Rückkehr des Lagerplatzes für Bentheimer Sandstein nach Zwolle einzugehen,"Magistrat von Zwolle beschließt durch die Bezahlung von fl25000-0st-0pen an Hendrick Spiering den Stapel von Bentheimer Stein zurück nach Zwolle zu holen. Zur Absicherung der vereinbarten Summe, soll Spiering vorher die in Hasselt liegenden 50 000 Fuß Bentheimer Sandstein nach Zwolle bringen lassen. Diese werden dort arrestiert, bis die abgesprochene Summe gezahlt wurde.
Verknüpfungswusch: #5726; #12240","#639; #12239; Crouse Dade, F. van Dedem, Joco Walftsen",,ZWHCO ,0700 inv. 42,74r
[G] 1650-10-08,Konzept des Magistrats von Hasselt über Konditionen für die Lagerung und den Stapel durch die Kompanie Hendrick Spierings in Hasselt,"Konzept über die Bedingungen bezüglich Lage, Fracht- und Arbeitslohn etc. betreffend den Steinhandel von Hendrick Spiering. Aufgeführt werden 13 Punkte. In den Punkten 1-3 geht es darum die Stapel in Hasselt beizubehalten und dem Faktor von Spiering einen geeigneten Platz zuzugestehen, darüber hinaus sollen alle Schiffer Stein laden können. Auflistung der Abgaben auf die Fracht Sandstein nach Entfernung, auch der Arbeitslohn für das Laden von Schuite auf Schiff (gl2-10-0) und von Land aufs Schiff (gl 3-0-0); auch der Preis für das Löschen des Steins wird festgelegt, dabei wird zwischen Schiffer und Arbeitsleuten unterschieden. In Punkt 10 wird auf die Abgaben an den geschworenen Steinmesser eingegangen, Öffnung der Stadttore für Schuiten. Die ganzen Bedingungen wurden zuvor mit den betroffenen Gilden der Stadt, insbesondere der Schiffergilde besprochen und dann von Schepen und Rat beschlossen.
Verknüpfungswunsch: #12240","#639; #12241, Jan Kotge",,ZWHCO,1365.1 inv. 918,unfoliert
1650-10-10,Entwurf eines Schreibens an den Grafen von Bentheim bezüglich eines Vertrags über die Lieferung von 6000 Fuß Stein an Arnold van Roermond,"Hinweis auf Unstimmigkeiten bezüglich eines Abkommens zwischen dem Bürger Arnold van Ruimondt und dem Vogt von Gildehaus, Arnold Schotteler, dass van Ruimondt erlaubt aus der „hoickens kuile“ 1650 6000 Fuß Stein mit einem Anteil Kleingut nach Zwolle bringen zu lassen. Dieses Abkommen sei am 16500308 erlaubt worden. Johan Sturman, Becke Hohan und Berent Cüper verpflichten sich je 2000 Fuß Stein zu liefern und der Graf erhält dafür Kuhlpacht. Nun sind die Steine aber noch nicht bei van Roermondt angekommen, und dieser gerät dadurch in Verzug mit seinen eigenen Lieferungen.
Verknüpfungswunsch: #5726; #968","Arnold van Roemondt, Arnold Schotteler (Vogt von Gildehaus), Johan Sturman, Becke Johan, Berent Cüper",,ZWHCO,0700 Inv. 757,unfoliert
1650-12-13,"Beschluss des Magistrats von Zwolle, Hendrick Spiering für die Rückverlegung des Steinlagerplatzes 25 000gl zu zahlen","Der Magistrat von Zwolle beschließt, für die 50 000 Fuß Stein, die Hendrick Spiering in Zwolle lagern lassen will, diesem und seiner Kompagnie 25 000gl zu zahlen. Zwolle als Lagerplatz gewählt, weil Abkommen mit Hasselt von den Teilhabern Spierings für unzureichend erklärt wurde.
Verknüpfungswunsch: #5726; #12240",#639; #951; #12239,,ZWHCO ,0700 Inv. 42,81r
1650-12-30,Schreiben von Michael van den Broek an Bürgermeister Jacob Cotjes von Hasselt bezüglich Stapel von Bentheimer Stein in Hasselt,"Van den Broeck schreibt an Bürgermeister von Hasselt, da sein Neffe Hendrick Spiering ein Übereinkommen mit der Stadt Zwolle verhandelt hat, dass den Steinstapel von Hasselt nach Zwolle verlagern soll. Van den Broeck hat allerdings erfahren, dass die Zwoller iher Meinung zum Abkommen geändert hätten und neue Konditionen aushandeln wollten. Van den Broeck habe Spiering geraten, diese nicht anzunehmen und lieber auf das Angebot aus Hasselt zurückzugreifen. Bürgermeister von Hasselt soll sich nun auch beim Grafen von Bentheim dafür einsetzen, dass das Umladen in Hasselt geschehen soll.
Verknüpfungswunsch: #12239; #12240; #5729",#472; #639; #12241; #951; Jacob Cotjes (Bürgermeister von Hasselt),,ZWHCO ,1365.1 inv. 918,unfoliert
1651-05-31,Konzept der Ordnung für den Messer von Bentheimer Stein in der Stadt Zwolle,"Konzept führt sechs Punkte auf, die das Messen von Bentheimer Sandstein sowie die Bezahlung des Steinmessers und andere Formalitäten regelt. Insbesondere geht es um das Vermessen „vande rouwe, onbewerkte ofte onopgemaekte Benthemer Borgsteen“. In Punkt 2 wird direkt auf die Steinhandelkompanie Hendrick Spierings eingegangen.  Punkt 3 gibt nähere Informationen zum Fußmaß, dieses soll dasjenige sein, welches normalerweise zum Ausmessen von Bentheimer Stein in Zwolle genutzt wird und wurde. „... dat sodanige Voetmaet, op de Maetstok sal verdoeld zyn, in tien gelyke delen, ofte duymen...“ Der Messer soll Länge, Höhe und Tiefe jedes Steins messen und den Namen des Käufers oder des Transporteurs aufzeichnen. Aufzeichnung der drei Dimensionen wichtig, um zu berechnen, „hoe veel voeten in´t vierkant, yder Stuck bedraaegd, ende hinhoud...“ Käufer und Verkäufer erhalten eine Quittung mit berechnetem Volumen. Punkt vier macht die Unterscheidung zwischen Blockstein „alle vierkant achtige en platachtige stucken, ofte blocken, die mind. zyn als ses voeten en lang, twee voeten vier kant, ofte twee en een halve voeten op die platte zyd alleen...“; „Maetsteeen [...]: alle de blocken, die zyn, over de ses voeten lang, en minder als twee voeten vierkant, ofte op de plattezyd alleen, mind. als twee-en-een halve voeten breed, ter acht voeten toe: van glyken alle stucken, die zyn; twee voeten vierkant, ofte op de platte zyd alleen, twee-en-een halve voeten breed, en. minder als ses voeten, of uytterl. ses voeten lang” -> Bezieht sich auf Gebräuchlichkeit in Amsterdam, und den zwischen Spiering und dem Grafen verhandelten Bedingungen; “Extra-ordinairee Maetsteen [...] alle de blocken, ofte Stucken, die zyn, minder als twee voeten viercant, ofte op de platte zyd alleen, mind. als twee-en-een halve voeten breed, en over de acht voeten lang: Van gelyken, alle stucke die zyn twee voeten vierkant, ofte twee-en-een halve voeten breed, en over de ses voeten lang, tot de acht voeten toe.” Evtl. Missbrauch soll Steinmesser anzeigen. Neben dem Lohn soll der Steinmesser laut Paragraph 6 gl0-0stvr-1pen für jeden Fuß; oder  6 Stüver und ein „Ooctien“ pro 100 Fuß, die der Verkäufer bezahlt
Verknüpfungswunsch: #5726, #12239",#639; ,,ZWHCO,0700 Inv. 1699,unfoliert
1651-06-24,Beschluss von Rat und Bürgerschaft von Zwolle über Lieferung von Stein durch Hendrick Spiering,„Wordt mede gerecommandeert dat Spyrink de Benthemer steen alhyr moege brengen.“,#12239; #639,,ZWHCO,0700 Inv. 42,89v
1651-10-23,"Memoria über in Hasselt gelagerten Sandstein und dessen Abschiffung, Verfasser unbekannt","„Memorye. Anno 1651. Den: 16: August. Hebbe ick ondergeste: myn Laeste werken gedaen an Sr Hend: Spering en compien ende bevonden dat ick doe by slot van werken an de comp ben schuldich gebleven ter verantoorden -6288: blocken steen ider ongeveer groot  In mate – 10 voet comt             - 62880 voet - 13 harcken a 24 voet comt -      312 –  Somma – 63192 voet. Afgescheept Sedert den: 16: August tot den 31. dito – 243 blocken a 2430 voet, Sedert den 31: August tot den – 30en Septemb – 765 blocken a 1650 voet, Sedert den: 30: Septemb tot den 23 october 66 block a 610 voet Somma . 1074 block a 10690 voet Afgetrocken – 10690 voet Blijven tot Hasselt: 5214 block: 13 harck          - 52502 voet. Hotgen Den: 23. octob anno 1651”
Verknüpfungswunsch: #12240",#639,,ZWHCO ,0700 Inv. 1698,unfoliert
1656-08-13,"Schreiben eines unbekannten Verfassers an den Rat der Stadt Zwolle über die Neuaushandlung eines Steinhandelsvertrags zwischen dem Grafen von Bentheim und Michael van den Broeck, die eine Verlegung des Stapels nach Hasselt nach sich ziehen könnte","Mitteilung eines Unbekannten an den Rat von Zwolle, dass Michael van den Boeck als ehemaliger Mitunternehmer der holländischen Steinhandelskompanie einen neuen Vertrag über den Handel mit dem Grafen zu Bentheim aushandele. Neben den Hinweisen auf die finanziellen Aspekte des Vertrags, deutet der Verfasser an, dass „hy vanden Broeck ende syne naecomelingen is deesen steenhandel sullen werden [ ? ]geperpetueert, met vollencoomen vryheidt den stapel van de selven steen handel te moogen leggen en transporteeren waer het haer sal well gevallen.“ Dies könne für die Stadt Zwolle schädlich sein, da „daer doir u weltt stadt te allen tyden vanden Staepel des duchemelten Steenhandels, tot grooten naerdeel en schaeden van Schipperen en andere ingeseetenen, soinde connen werden gepryveert, Ende de selven Staepel op Hasselt werden getransporteert...“ Van den Broeck habe bereits Kontakt mit dem Magistrat von Hasselt aufgenommen. Der Schreiber bietet an für die Stadt Zwolle mit Van den Broeck über den Verbleib des Stapels in Zwolle zu verhandeln.
Verknüpfungswunsch: #1; #5726; #12240; #12241",#472; #951; #12239; #951,,ZWHCO ,0700 Inv. 307,unfoliert
1656-09-29,Beschluss der Bürgermeister Roebert van Beeck und Werner Crans bezüglich Beibehaltung des Stapels in Zwolle,"Beschluss der Bürgerschaft von Zwolle, durch die Bürgermeister und Magistrate alles zu versuchen, um den Stapel von Bentheimer Stein in der Stadt zu behalten.
Verknüpfungswunsch: #5726",#12239; #12479; #12480,,ZWHCO ,0700 Inv. 42,277r
1656-10-22,Vertrag zwischen Graf Ernst Wilhelm zu Bentheim und Michael van den Broeck bezüglich Steinhandels,"Vertrag über den Sandsteinhandel, geschlossen zwischen Graf Ernst Wilhelm von Bentheim und „Heere Philippuß van den Broecke beider Rechten D[octo]r ende Raeth Pensionariß der Stadt Gornichem alß gevolmachtigde van de Heere Michael van den Broecke beiden Rechten D[octo]r Raeth ende Advocaet Fiscael van het Ed[el] Mo[gende] Collegie ter Admiraliteit tot Rotterdam.“ Vertrag beinhaltet 20 Artikel, in denen die Vertragsbedingungen aufgeschlüsselt werden. Artikel 1 macht deutlich, dass den Niederlanden alle Gildehäuser und sonstigen Steinkuhlen, die sich in der Grafschaft befinden, verpachtet werden, und dass kein anderer Stein für den Niederlandehandel abbauen darf. Ausgenommen sind für die ersten zwei Jahre noch die Kuhlen zwischen Bentheim und Schüttorf, die bei Vertragsschluss noch anderweitig verpachtet waren. In der Grafschaft wird nur der Handel mit „slijpsteenen“ erlaubt. Im Artikel zwei wird der Kompanie von van den Broecke erlaubt jährlich so viel abzubauen, wie die Kompanie benötigt. Artikel 3: Falls die Kompanie neue Kuhlen anlegen will, muss sie das zuvor mit dem Grafen absprechen. Artikel 4 macht deutlich, dass der Graf für die Infrastruktur (Anlage/Instandhaltung von Wegen etc.) zuständig ist. Artikel 5 beschreibt, dass die für die „geunieerde Provincien“ gedachten Steine generell über Nordhorn gehandelt werden müssen. Nur bei großer Trockenheit kann „op het loe“ gefahren werden, aber der Graf muss davon in Kenntnis gesetzt werden. Artikel 6 legt fest, dass Privatleute aus den  Gebieten Stift Münster, Grafschaft Bentheim, Emden etc. weiterhin Stein in den Kuhlen kaufen dürfen, nur nicht in die Niederlande handeln. Einheimische bekommen geringeren Preis zu gestanden. Artikel 7 sagt, dass der Graf für Stein nur Arbeitslohn zahlen muss. Artikel 8 gesteht der Kompanie zu, alle Steine, die durch Untertanen des Grafen unrechtmäßig gebrochen und in die Niederlande verkauft werden, beschlagnahmt und der Kompanie zu geschlagen werden. Artikel 9 legt die jährliche Pachtgebühr auf 3000 gulden fest, zu dieser Summe kommt noch eine „recognitie van twaelff hondert guldens Jaerlich.“ Artikel 10 macht deutlich, dass zusätzlich zu den in Artikel 9 festgelegten Summen noch das „Schuitegelt“ bezahlt werden muss (1 Stüver je Blockstein bzw. Maetsteen, ½ Stüver für jeden Fuß klein Gut. Artikel 11 ??; Artikel 12 legt fest, dass M. van den Broeck zwischen Vertragsabschluss und dem 16570228 300 000 gulden vorschießen muss?, bis einschließlich Artikel 16 werden weitere finanzielle Dinge festgelegt. Artikel 17 betont, dass die Einwohner der Grafschaft z.B. die Schiffer vorrangig angestellt werden müssen, allerdings nur so lange diese den Anforderungen der Kompanie entsprechen. Artikel 18 beinhaltet eine Festschreibung des Steinstapels in Nordhorn und erlaubt der Kompanie das Laden und Abschiffen des Steins zu allen Zeiten, mit Kenntnis der Zuständigen auch an Sonn- und Feiertagen. Artikel 19 behandelt den Stapel in Zwolle, der ebenfalls beibehalten werden soll. Dabei wird auf die Bedingungen hingewiesen, die Hendrick Spieringh dort 1651 mit dem Magistrat ausgehandelt hatte.
Verknüpfungswunsch: #1",#951; #472; #12457; #639  ,,FA Bur ,Bent A 1551,unfoliert
1657-01-04,Vertrag zwischen Jan Bour und Michael van den Broeck über das Brechen von Steinen für die holländische Steinhandelskompanie,"Der Vertrag zwischen Jan Bour, Meistersteinhauer zu Gildehaus, und Michael van den Broeck regelt den Abbau des Sandsteins für die holländische Steinhandelskompagnie. In zehn Paragraphen werden die Bedingungen ausdifferenziert. § 1 überträgt Jan Bour das Brechen von jährlich 60000 Fuß Sandstein aus allen durch van den Broeck und Co. gepachteten Gruben in der Grafschaft Bentheim. Dabei soll er sich an die jeweilig gewünschten Formate halten, über welche er von der Kompagnie Informationen erhält. §2 macht deutlich das Bour auch für die Qualitätssicherung zuständig ist. § 3 Bour soll sich stets an die Quantität und Maße halten. §4 „Dat oock alle de steen de volgens dit Contract gebroocken sall worden, sall doen teeckenen met een besonder merck, omme van alle voorige Steen onderscheiden te weerden, en dat daer bouen alle de stücken die op seecker maet te breecken geordonneert süllen weerden, sall doen teeckenen met het nomber daerop, dat die gebroken sullen sijn, ende versorgen, dat die nae behoren op haen lengte, breete, ende hoogte, oock met haer leger gebroecken sall weerden, op verbeurte als voren van de stücken, die niet in dier vogen getekendt, ende tegens de sodanige gegeuen ordre gebroec[ken?] süllen bevonden worden.” §5 macht deutlich, dass falls Stein an jemand anderes gehen soll, die Kompagnie an dem Verkauf beteiligt werden soll, und Bour einen Gulden abführen soll. §6 auch beim Verkauf von Stein, der nicht den Qualitäten der Kompagnie entspricht, soll Bour zuvor Absprache halten. §7 Bour ist auch für die Organisation des Abtransport zuständig, der über Nordhorn und im Notfall über „het loo“ nach Zwolle erfolgen soll. §8 Bruch, Abtransport etc. muss quittiert werden und erfolgt auf Bours Risiko und Kosten. In Zwolle sitzt der Faktor der Steinhandelskompagnie. §9 konkretisiert § 8. § 10 Enthält Maßangaben „Namentlijck voor de blocksteen die minder dan tien voten Steeen sal houden, mitsgaders voor muirsteen ende deckstücken van twee voten breet, dire quart voet dick, ende drie ende een halff offmeerder voten lanck, als mede voor de [Clapmutsen?], posten, dübbel- en enckelde Cantelen te reeckenen bij de Stücken, off tegens voettalen, als voor desen Seß Stuijvers van de voet Cuijlmahte, van de blocksteen bouen de tien tot twintigh voeten seß ende een halue Stuijver, van de ordinaris maetsteen daeronder begrepen alle de stücken tot sesentwintigh voten Steen incluijs, mitsgaders de deckstücken van drie â vier voten brete, een voet hoegte, ende drie en een laeten ter [deoihie?] als vooren.”
Verknüpfungswunsch: #1; #968",#472; #12459; ,,FA Bur,Bent A 1551,unfoliert
1657-02-11 bzw. 1657-02-12,Bestätigung über den Erhalt einer Schuldverschreibung durch den Grafen von Bentheim von Philipp van den Broeck,"Im Februar 1657 bestätigt Philipp van den Broeck den Erhalt einer Schuldverschreibung  einmal von 60 und einmal von 40 000 Gulden vom Grafen zu Bentheim, überschrieben durch den Rentmeister von Neuenhaus, Johan Meijnders, und durch den Sekretär, Aerent willem Schrader, die sein Onkel, Michael van den Broeck an den  Bürgermeister Boeckholt ausgeliehen hatte (fl64967-11st-8pen). Weitere Zahlungen stehen noch aus.
Verknüpfungswunsch: #1; #12231","#12457; #472; #951; Johan Meijnders (Rentmeister von Neuenhaus), Aerent Willem Schrader (Sekretär), Bürgermeister Boeckholt",,FA Bur ,Bent A 1551,unfoliert
1657-06-22,Rentverschreibung des Grafen Ernst Wilhelm zu Bentheim an den Lizentiat Cornelis Vos für einen Kredit von 16 000 Carolusgulden zu 29 Reichstaler,"Der Graf zu Bentheim überträgt Cornelis Vos eine Rentenverschreibung von 1000 Carolusgulden jährlich für einen Kredit von 16 000 Gulden. Die jährliche Rente soll in der Stadt Zwolle bezahlt werden. Dahin zu kommt die Verpfändung aller „oder des selffs gebiedt tegen woordelijck weesende ofte noch te ooseren Steen cuijlen, neffens den steen, soo daer uijt sall gebroocken worden omme nae expiratie van het laaste Hollants steen contract, <voer>genoemden licentiaet Vos, des selffs Erven off regt hebbende daer an sich te verhaelen in valle mette Expiratie van te selve Contract het opgemelte Capitael metten jnteresse van dien niet voldaen en sijn; sullende in deesen valle van misbetalinge, die selvige steen alomme als eijgen goet moogen becommert, angevaerdet ende behouden worden, sonder eenige vergoedinge daer voer an ijmant te doen.” Bei Beendigung des Steinhandelsvertrags mit den Holländern soll, bei ausbleibender Bezahlung der gräflichen Rente, der Steinhandel an Vos oder dessen Erben übergehen.  Bis dahin werden die jährlichen Zahlungen des Grafen aus den Einnahmen der Steingrubenverpachtung gezahlt.
Verknüpfungswunsch: #5726; #1; #758",#951; Lizentiat Cornelis Vos (Zwolle?),,FA Bur , Bent A 1551 ,unfoliert
1659-05-21,"Anlage D bezüglich des Prozesses zwischen Arnold Schottler, Vogt zu Gildehaus und Albert Sonsbeecke, Bürgermeister von Zwolle und Vertreter der dortigen Steinhändler",Rechtsstreit über arrestierten Stein?,#12481; Arnold Schottler (Vogt von Gildehaus);,,ZWHCO ,0700 Inv. 1530,949
1661-04-19,"Modalitäten für Revision durch Arnold Schötler, Vogt zu Gildehaus",,#12481; Arnold Schotteler (Vogt zu Gildehaus); ,,ZWHCO,0700 Inv. 1530,956
1662-09-05,Vertrag zwischen Michael van den Broeck und Wermolt Wijk und Beerndt ter Horst aus Gildehaus bezüglich Lieferung von Bentheimer Stein,"Auf den Vertrag wird in einer Zeugenaussage von Nicolas Berkelius vom 13. Juli 1674 hingewiesen. Er soll angeblich Informationen zum Steinhandel beinhalten. Wermolt Wijken und Beerndt ter Horst werden als Steinhändler aus Gildehaus bezeichnet. Außerdem wird noch der neue Mann von Witwe Wijken, Hermann Hölscher erwähnt","#472; #951; Hermann Hölscher, Wermolt Wijken, Beerndt ter Horst, ",,FA Bur, Bent A 1551,
1663-01-23,Eingabe Vogt Schottler an Grafen von Bentheim bezüglich Revision im Streitfall mit Zwoller Steinhändlern,,#951; Vogt Arnold Schotteler zu Gildehaus,,ZWHCO,0700 Inv. 1530,967
1672-01-06,Kopie des Vertrags über den Steinhandel zwischen Graf von Bentheim und Borchardt Geesteveldt und Wilhelm Kennemer,"Der Vertrag zwischen den Amsterdamer Kaufleuten Borchardt Geesteveldt und Wilhelm Kennemer auf der einen und dem Grafen zu Bentheim auf der anderen Seite umfasst 26 Paragraphen, in denen die Bedingungen aufgeführt werden. [Leider fehlen in unseren Aufnahmen die Paragraphen 20 – 24]. § 1 -> Übertragung aller Gildehauser Steinkuhlen für einen Zeitraum von acht Jahren, beginnend 1672 01 01 bzw. wenn der erste Stein gebrochen oder verkauft wird, oder aber, wenn eine Übereinkunft mit der ehemaligen holländischen Steinhandelskompanie getroffen wurde. Es sollen keine Gruben der Grafschaft vom Vertrag ausgeschlossen sein, mit der Ausnahme der Steinkuhlen „tuschen Benthem en Schüttrup, warin sall geobserveert worden den tenör van t[e] Contract de anno duijsent seshondert seß en vijfftig.“ § 2 -> Erlaubnis an die Pachtnehmer Stein in jeglichen Sorten zu brechen, die gewünscht werden. Die Pacht beträgt „in die twee eerste jahren van jeder voet block en maetsteen drie Stuijuers, van ieder voet kleingoht twie Stuijuers...“ Nach Ablauf der zwei Jahre soll jedes Jahr für Pacht und Rekognition 4200[0?] Gulden und für jeden Stein egal welcher Größe ein Stüver. Dieses Geld soll vierteljährlich in Person oder durch einen Bevollmächtigten gezahlt werden. § 3 ->  Die neuen Vertragsnehmer können die bereits von der vorherigen Steinhandelskompanie gebrochenen Steine am Ufer der Vechte bei Nordhorn abführen und verkaufen, wenn sie die alte Kompanie ausgezahlt und dem Grafen für „block- en maetsteen“ 3 Stüver und für Kleingut 2 Stüver bezahlen. § 4 -> Zusätzlich wird Bezahlung von Brechen und „verkoen“ festgelegt. § 5 -> Enthält Vorschrift, dass die Vertragsnehmer die Eingesessenen der Grafschaft Bentheim „als die arbeiders int [] breecken, huijßluijden en Schippe [] int vooren van den Steen...“ besser als zur Zeit entlohnen sollen. Das Rheinländische Maß soll beibehalten werden, falls andere Maße genutzt werden, Strafe an den Grafen. § 6 -> Die Transporteure sollen innerhalb von 14 Tagen für die Lieferung von Stein nach Nordhorn bezahlt werden. § 7 ->  „Bouen dit alles süllen pachteren [ ...] wegen die excessive gedane kosten tot conservatie van den vechtstroem aen Sijn hochgr Excellentie noch voldoen het gewoenlijcke Schuijtgeldt tegenwoordig in het gebruijck, en wat nae den Emßstrohm offte het Lohe wordt gevohrt, sall betaelt worden, soo als van olders tot nue toe <ge>bruijcklijcke, sonder enig verder beswaren van Schijffgeldt off anders, hoe het oock namen mochte hebben.” § 8 ->  Weinkauf zum Vertragsabschluss von 300 Rtl. § 9 -> Dem Graf wird zugestanden, für den Eigenbedarf Stein brechen zu lassen, und nur den Arbeitslohn zu zahlen. § 10 -> Graf verpflichtet sich, keinen Steinhandel neben dem der Vertragspartner zuzugestehen, auch nicht von gebrauchtem Stein beisplsw. aus alten Häusern. Falls dieses doch vorkommen sollte, soll der Stein an die Vertragspartner übergehen und die Vertragsbrecher gestraft werden. § 11 -> Der Verkauf von Steinwaren an Auswärtige aus den Gebieten des Stifts Münster, Amt Lingen, Emden, Twente etc.  ist den Einheimischen erlaubt. Allerdings soll eine Liste angefertigt werden, um diesen Handel nachvollziehbar zu machen. Außerdem werden nur kleine Mengen bestimmter Produkte („püttsteen, floersteen...“) abgegeben. Eingesessene erhalten einen Stüver Rabatt. § 12 -> Festschreibung des Transportweges über die Vechte via Nordhorn in die Vereinigten Niederlande. Bei geringem Wasserstand ist der Transport „ouer het Lohe“ erlaubt, muss dem Grafen aber zuvor angezeigt werden. § 13 -> Neue Kuhlen können mit der Erlaubnis des Grafen angelegt werden, falls vorhandene unproduktiv werden. Allerdings wird das Pachtgeld dann erhöht. Bei Anlage von Kuhlen auf nichtgräflichem Boden soll dem Besitzer Entschädigung gezahlt werden. §14 -> Neue Straßen und Wege sollen beim Grafen beantragt werden, nur bei unwirtschaftlichen Verzögerungen sollen die Pächter selbst die Anlage neuer Straßen veranlassen, müssen aber auch die Kosten tragen. § 15 -> Erklärung des Grafen während der Pachtzeit keine neuen Lasten zu erheben. §16 ->  Bei einem Regierungswechsel in der Grafschaft und evtl. Auflösung des Vertrags sollen alle bis zu diesem Zeitpunkt gebrochenen Steine als Besitz der Vertragsnehmer angesehen werden. §17 -> Stapel soll in Nordhorn bleiben, „doch sullen vors pachteren soo veele Steen en sulcke sorten mogen Vervohren nae het helscher Veer, offte die Emse daer het haer an besten gerahatsam soll düncken, mitz betalende bouens Landtßgerechtigheidt aldaer Sijn hoochgraeffl Excell daer van het Stuijuergeldt, en elders, als het von olders gebruijcklijck in Cas van necessiteth...“ Muss aber angemeldet werden. § 18 ->  Der Steinmesser und Kontrolleur in Nordhorn soll vom Grafen gestellt werden, und evtl. Fehlverhalten wie Unterschlag von Stein durch diese Bediensteten soll mit Straffe und Arrestierung des Steins belegt werden. § 19 -> Den Vertragsnehmern wird erlaubt, „das sy enige sorte van Steen tot Nordthoorn int´netto sullen mogen laen behauwen...“ Das Ursprungsmaß muss aber für die Gebührenerhebung festgestellt werden. § 20 -> Der Stapelplatz soll in Zwolle verbleiben. § 21 Die ausstehenden Zahlungen des Grafen an Michael van den Broeck sollen durch die neuen Vertragspartner übernommen werden, diesen wird die Summe dann mit der Pacht verrechnet; § 22 ->  jährliche Kapitalausgabe an den Grafen? § 23 „boven dit sall Sr. geesteveldt syn compagnion Sr. Willem Kennemer[ ...] jahrlix aen Borgermen Voß tot deventer duysent gülden, rente van sestien duysent gl. Capital in termino betaelen, en dieselve aen die pacht korten.“ § 24-> Entschädigungszahlungen o. Ä., die evtl. durch den Grafen an van den Broeck entrichtet werden müssen, sollen durch die neuen Vertragspartner übernommen werden. §25 -> Kreditaufnahme von  4000 – 5000 Gulden an den Grafen, zu einem „penningen tegens vijff per Cento“, soll innerhalb der acht Jahre verrechnet werden, falls dies nicht gelingt, kann der „Steenhandel op bouengenoemde Conditien tot haere Satisfactie toe, mogen Continueren...“ § 26 -> Dieser Vertrag soll nichtig werden, falls der Graf keine Auflösung des Vertrags mit der bisherigen Steinhandelskompanie M. van den Broeck und Erben (Berckelius) erreichen kann.
Verknüpfungswunsch: #1",#951; #5724; #5723;  Gerhardt â Bippen (beglaubigender Notar),,FA Bur,Bent A 1551,
1674-07-13,Kopie einer Bestätigung der Regierung der Stadt ´s-Gravenhage über  Zeugenaussage von Nicolas Berckelius bezüglich einer Klage zweier Steinhändler zu Gildehaus auf Einhaltung eines zwischen ihnen und Michael van den Broeck geschlossenen Vertrags von  1662,"Bereits am 1656-06-24 hat Berckelius in Amsterdam zu der Klage ausgesagt. Er bezeugt, dass die Gildehauser Steinhändler Herman Hölscher, als Bevollmächtigter der Witwe von Wermoldt Wijck und Berentt ter Horst, zu Berckelius gekommen seien, einen Vertrag, der angeblich 1662 zwischen Michael van den Broeck und Wermolt Wijck und Berndt ter Horst über die Lieferung von Bentheimer Stein geschlossen worden sei, zu verlängern. Berckelius habe sich geweigert, diesen Vertag zu verlängern oder Kopien auszugeben. Er wolle diesen Vertrag keinem zeige, da er nachteilig für den Grafen sei.","#948; #472; #951; #962; Herman Hölscher, Wermoldt Wijck,  Peter Hendricksen, Jan Adrians, Anthoni De Vres, Arent Loeffs",,FA Bur ,Bent A 1551,unfoliert
1676-09-12,Instruktion für den Rentmeister Kuhefues bezüglich des Sandsteinhandels in der Grafschaft Bentheim,"In sieben Paragraphen wird der Konflikt zwischen dem Grafen zu Bentheim und der niederländischen Steinhandelskompanie deutlich. Der Steinhandel in die Niederlande scheint vor einem Umbruch zu stehen, die alte Steinhandelskompanie habe Schulden gegenüber dem Grafen, die beglichen werden müssen. Darüber hinaus solle ein Kompromiss über die Monopolstellung der niederländischen Steinhändler geschlossen werden.",#951; #758; Rentmeister Kuhefues ,,FA Bur ,Bent A 1551,unfoliert
1676-10-15,"Kopie eines Schreibens des Bischofs Christoph Bernhard zu Münster, verfasst in Bentlage, an den Rat der Stadt Zwolle bezüglich der Arrestierung von Sandstein, den ein Münsteraner Untertan nach Amsterdam verhandeln wollte","Bitte des Bischofs zu Münster, die arrestierten Steine des Untertans Dieterich Schulte wieder für die weitere Verhandlung nach Amsterdam freizugeben.  „... hat dieses vnsern Stiftß Eingeseßener vnderthan vnndt fehrman am helscher fehr Dieterich Schulte vnterthänigst zu erkennen gegeben, wie daß er eine parthey Bentheimer Steine an sich gebracht, vmb dieselbe nacher Amsterdam die Vechte hinunder führen vnndt daselbsten verhanlen zu laßen, dieselbe wären aber u Schwoll ohne einige von ihme dazu gegebene uhrsache arrestirt vndt aufgehalten worden....“ Der Bischof möchte die wirtschaftlichen Interessen seines Untertanen stützen. So fordert er „Sie wöllen vohrgemelten vnseren vnterthanen die verarrestiete Steine wieder abfolgen laßen, oder aber vnß nicht uerdencken, daß wir denselben quovis meilori modo bey der freyheidt der gemeinnützlichen Commercien schützen.“
Verknüpfungswunsch: #965; ","#12239; #954; Dieterich Schulte, Gerhardt â Bippen (Stadt Zwolle)",,FA Bur ,Bent A 1551,unfoliert
1676-12-16 (in Den Haag),"Übereinkunft bezüglich Veränderungen im Sandsteinhandel zwischen dem Grafen zu Bentheim, vertreten durch Johan Kuhfuß, und Nicolas Berkelius, Vertreter von Michael van den Broeck und Co.","In Bezug auf den Vertragsabschluss zwischen dem Grafen zu Bentheim und Michael van den Broeck über den monopolisierten Sandsteinhandel in die Niederlande werden verschiedene Änderungen angesprochen. Zum einen wird über eine Kapitalverleihung in den Jahren 1663 und 1665 gesprochen. Darüber hinaus sollen die Vorwürfe, die van den Broeck gegenüber dem Grafen gegenüber geäußert hat, fallen gelassen werden (geht evtl. um Monopol). Der Vertrag von 1656 soll verlängert werden, nach den gleichen Bedingungen. Hinweise auf die Erlassung der Pachtzahlungen auf  mehrere Jahre, da die Kompanie die Gruben für fünf Jahre auf Grund gerichtlicher Auseinandersetzungen nicht hatte ausbeuten können. Wechsel von Geld. Hinweis auf Umgang mit gebrochenen Stein: „Aengaende de steen die alrede tot noorthorn op de Oever gebroocken leijt daer van sullen de Erffgenamen van Mr Michael vanden Broeck ende die sijn actie vercregen hebben, het breeck Gude voerloon aen Sijn hoog Gr Excie betalen tot soodanigern Prijs ende Conditie als door haer tot noch toe aende Cooplieden van Gilhuijsen is betaelt geweest, doch niet anders als bij Jaerlijcxe liquidatie ende bereeckeninge, waer van wegen Sijn hoog Gr Excie den Heer Rentmr Hendrick Coevoet ende Adolph cloppenborg tot noorthoorn het bewindt sullen hebben, nochtans oder expresse Conditie, dat hoewel Sijn hoog Gr Excie de soodanige Steen meest als geconfisqueert hout, dat de Steen Cuijlen sullen gehijpotequeert sijn ende blijven voor de indemniteijt van soodanige betalinge ende Sijn hoog Gr Excie schu4eldig wesen bij die jaerlijcxe liquidatie, aende voornoemde Erffgenamen van Mr Michael vanden Broeck ende die sijn actie vercregen hebben, te extraderen ende overte leveren vande Cooplieden tot Gilhuijsen behoorlijke quitantie offte aequivalent vandien over het voorseijde breeck ende voerloon ofte bij omstentenisse salde voldoeninge soolane verschoven mogen werden.” Der Steinhandelskompagnie wird für das Jahr 1677 erlaubt eine Quantität von 30 000 Fuß Stein „oft meer nae goet vinden van gemelte Erffgenamen door Adolph Cloppenborg laten affschepen in soverre de gelegentheijt van het water daer toe sal willen dienen.“ Generell soll erst der Steinlagerplatz in Nordhorn geleert werden, bevor neue Steinmengen in den Gruben gebrochen werden. Der Rest des neuen Abkommens beruht auf dem alten Vertrag von 1656.
Verknüpfungswunsch: #1; #758","#951; #472; #948; , Hendrick Coevoet/Kuhfuß, Adolph Cloppenborg",,FA Bur,Bent A 1551,unfoliert
1677-01-21,Schreiben von Johann Hulst an den Grafen zu Bentheim bezüglich Steinhandel mit der Kompanie Berckelius und des besseren Angebots von Gestevelt und Co.,"Schreiben bezüglich der vertraglichen Unstimmigkeiten zwischen dem Grafen und der Kompanie van den Broeck (jetzt Berckelius), diese führten zur Annahme eines Vertrags über den Steinhandel in die Niederlande mit Gestvelt und Kemmerer. Nun hat sich ein Rechtsstreit entwickelt, über die Rechtmäßigkeit beider Verträge, wobei auch die Staaten von Holland eine Rolle spielen. Für den Grafen und die Bentheimer Untertanen sei dadurch eine schlechte Situation entstanden, da die Einnahmen ausblieben und Arbeiter und Steinhauer keiner Tätigkeit nachgehen könnten. Hulst betont, dass es momentan leider keine schnelle Lösung dieses Konflikts, und damit auch keine schnelle Erholung des Sandsteinhandels geben werde.",#951; #948; #5724; #5723;  Johann Hulst,,FA Bur ,Bent A 1551,unfoliert
1677-01-26/ 1677-02-04,"Hinweise auf Probleme mit dem Vertrag zwischen dem Grafen zu Bentheim und Burchardt Gestevelt und Wilhelm Kemner über den Steinhandel, ursprünglich geschlossen 1672-01-02","Vertragsparagraphen, welche der Graf zu Bentheim mit den Amsterdamer Kaufleuten Burchardt Gestevelt und Wilhelm Kemner bezüglich des Bentheimer Steinhandels ausgehandelt hat. Zum einen geht es um die Ablösung der alten Steinhandelskompanie Michael van den Broecks, welche die neue Kompanie auszahlen soll. Falls eine problemlose Auflösung des Vertrags zwischen dem Grafen und der Kompanie van den Broeck nicht möglich sei, wird der Vertrag mit Gestevelt und Kemner ungültig. Zum anderen wird in Paragraph 5 deutlich, dass fünf Jahre nach dem Vertragsabschluss auch Probleme zwischen dem Grafen und der Kompanie Gestevelt aufgetreten sind. Hinweise auf Vertragsparagraphen, die laut Verfasser von der Kompanie Gestevelt nicht erfüllt wurden.","#758; #951; #5724; #5723; Herr Rochus (Rat und Agent des Grafen zu Bentheim, wohnend in ´s-Gravenhage)",,FA Bur ,Bent A 1551,unfoliert
1677-01-26,Resolution des Grafen von Bentheim an den Rentmeister Kuhefues,"Der Graf bestätigt, dass Rentmeister Kuhefues eine neue Übereinkunft mit den Erben von Michael van den Broeck getroffen habe. „Nun sein Zwar die abgefaßete conditiones hochge[?] ihrer hoch Graäffl Exce zum theil gefällig, vmb so viel damehr, daß nach ahnzeig deß Rentmeistern relation Sr Berckelius vnd Consorten treulich sincerirt haben sollen, mit dem hiernegst brechenden, oder von den Vffer abführenden Stein keines wegeß einig befahrendeß Monopolium zu Labefactirung künftigen handels zu errichten...“ Im Gegenteil soll die Pacht nach acht Jahren auslaufen, und jährlich mindestens 30 000 Fuß abgeführt werden. Der Graf zweifelt nicht daran, dass diese bisher mündliche Absprache, auch schriftlich Niederschlag und Zustimmung der Parteien erfahren wird. Nach sechs Jahren soll der Steinhandel frei sein, also kein Monopol mehr auf den Niederlande-Handel bestehen. Darüber hinaus sei abgemacht worden, den bisherigen Rechtsstreit zwischen Graf von Kompanie Berckelius (Erbe van den Broeck) einzustellen.",#951; #472; #948; Rentmeister Kuhefues,,FA Bur,Bent A 1551,unfoliert
1677-01-27,"Vertrag zwischen dem Grafen von Bentheim, vertreten durch Henrich Kuhefues und Burchard Geesteveltt und Willem Kennemer bezüglich Sandsteinhandels","Vertrag zwischen dem Grafen zu Bentheim und Gestevelt und Co. über Sandsteinhandel. Ausgenommen in diesem Vertrag ist Stein, der über die Ems verhandelt wird. Für jeden Fuß Stein, der in den Bentheimer Gruben gebrochen wird, entrichten die Vertragsnehmer 3 Stüver an den Grafen, hinzu kommt die Bezahlung von Zöllen etc. (Beispielsweise in Münster); Der Vertrag schreibt eine Mindestabnahme von 5000 Fuß vor, für die das Geld, auch wenn weniger gebrochen wurde, innerhalb von 30 Tagen gezahlt werden muss. Hinzu kommt die Bezahlung von Brech- und Fuhrlohn. Diese Arbeiten dürfen ausschließlich von Bentheimer Untertanen durchgeführt werden. „4) Soll Kemner vnd Gesteuelt bey verpfandung aller Jhrer haab und güter, auch deß Steins selbst, schuldig sein, alle Action, vngelegenheit, schaden vnd Kösten, so dieserthalb entstehen, oder auch zwischen ihrer hoch Gräffl Exce vnnd der vorigen SteinCompagnie michaelen von den Bruchß erben erwachßen mögte, auff sich zu nemmen, vnd sonder hellers zu thun von Jhrer Exce abzuführen;“ In diesem Vertrag geht es nicht um die Errichtung eines Monopols, der 6. Artikel macht aber deutlich, dass „im fall aber Jhre Exce mit der vorigen compagnie sich wiederumb einlaßen mögeten, sollen Käuffere nicht desto weniger den Stein der gebrochen vnd würcklich bezahlt sein wirdt sonder Arrest oder bekümmerung von Jhre hoch Gräffl Exce auß der Grafschaft auff ihre riseco mögen abführen, hergeben Jhre hoch Gräffl Exce im fall dieselbe mit der ersten compagnie affß new schließen mögten, wie Käuffere nicht verhoffen vnnd etwa en funfzig thaußendt fues stein alstan bey den Käufferen bezahlt vnd vorrätig sein mögten, so wöllen Jhro hochGräffl Exce mit der ersten compagnien alstan auffen solchen falß eines newn contracts vorbedingen vnnd außbescheiden, daß die Käuffere selbigen stein sonder behinderung verkauffen mögen.“",#951; #5723; F. A. Riccig; Henrich Kuhefues (Rentmeister); Giuss Swart (Bevollmächtigter von Willem Kennemer),,FA Bur ,Bent A 1551,unfoliert
1678-05-21,Schreiben über die Übernahme der Stellung von Michael van den Broeck durch Nicolaes Berckelius als neuer „Leiter“ der Bentheimer Steinhandelskompanie,"„p heden den vijer entwintighsten Maij sesthijnhonderd achtienseventich hebbe ick ondergewschrewen Nicolaes Berckelius voor de ERffgenaemen van den Heer Mr Michael vanden Broeck saaliger ende de verdere geinteresseerden in den Benthemer Steenhandel, dit originele accord anen den Heer Richter ende ontfangher Herman van Gesseler als bevolmechtighde, ende affgeschickt van Sijn hoogh Graefflijcke Excellencie van Bentheim etc. overgeleverd ende een evenglijck accord door Sijn hoogh Graefflijcke Excellencie geratificeerd werden van sijnen ontfangen ende misdien tegens ijnen uitgewisseld, Amsteldam, dartum ut supra Nicolaes Berckelius.”","#951; #948; #964; #963; #955; Henrich Kuhefues, G. Gulsinck,",,FA Bur ,Bent A 1551,unfoliert
1678-05-24,Notarielle Beglaubigung der Vertragsänderung zwischen Nicolaes Berckelius und dem Grafen zu Bentheim in Amsterdam,"Bestätigung des Vertrags zwischen dem Grafen und Berckelius als Erben von Michael van den Broeck vom 1676-12-16. Es wurden neue Bedingungen ausgehandelt. Darin hat Berckelius angenommen, „dat soo lange het origineel accoort vande Jaere 1656, ende d vordere accoorden duijren, ende naergecomen worden, directelijck, nogh Jndirecktelijk met d[en Hr Vrij Heer van Beveren off der selver Erven, ofte Consoorten, Eeenige d[] geringhste Contrackten, coop, off Comploterien, Jn Prejuditie van zijn hoogh gr ex nopende d[en] steenhandel Jn geenderlij Manieren sal Jngaen, maer <daer> tegen sal een ijer doen sodanigh hij volgens de teneur vande contrackte vande jaere 1656 gehoudenis onder bedrogh”","#955; #948; #472; Joannes Backer (Notar des Hofes von Holland, benannt durch die Stadt Amsterdam),  Rentmeister Hendrick Coevoet, Freiherr von Beveren, Hendrick Juijst (Zeuge), Johannes van Groendijck (Zeuge)",,FA Bur ,Bent A 1551,unfoliert
1678-05-24,Anonymes Schreiben mit Bezug zu den Vertragsänderungen vom 1678-05-28 mit detaillierten Auskünften bezüglich der Neuerungen im Vertrag zwischen Graf von Bentheim und Nikolas Berckelius,"Bezugnahme auf den zwischen Graf Ernst Wilhelm zu Bentheim und Michael van den Broeck 1656 geschlossenen Vertrag. Darüber hinaus wird auf Schwierigkeiten hingewiesen, die im Jahr 1672 auftraten. Über diese Schwierigkeiten ist neu verhandelt worden und in dem Schreiben wird die Einigung festgehalten.  Für ein Fuß Blockstein soll wie gewohnt ein Stüver sowie Schutengeld abgeführt werden. Für „maet Steen, hoe die genaemt ende welcke afgescheept sullen werden vijff Stuijvers, ende van cleijn goed tot voeten gereeckent vier Stuijvers, sullen Goed doen...“ Auch die Kosten des Schutengeldes werden dargestellt: Für eine ganze Schute werden 7, für eine halbe Schute 5 Reichstaler veranschlagt. Eine „almelesche Schuijt“ schlägt mit 2 Reichstalern zu Buche. Diese Abgaben werden mit der jährlichen Pacht und der Recognition verrechnet. Der Rechtsstreit, der zwischen dem Grafen von Bentheim und Michael van den Broeck bestand, soll eingestellt werden und die Kosten von der jeweiligen Partei getragen werden. Ausgenommen ist jedoch der evtl. „regress soo sij [Kompanie van den Broeck] moghten geraden vinden tegen burghard geestevelt en consorten in te stellen“ Noch bestehende Streitigkeiten sollen durch die “heren Staten general der verrenighde nederlanden” entschieden werden.","#951; #472; #5723; Henrick Coevoet, Adolph Cloppenburgh,",,FA Bur ,Bent A 1551,unfoliert
1682-06-20,Schreiben von Nicolaes Berckelius an den Grafen zu Bentheim bezüglich Steinverkaufs aus Gruben der von Beveren entgegen dem Vertrag zwischen Grafen und Michael van den Broeck,"Berckelius wendet sich an den Grafen, da ihm zu Ohren gekommen sei, dass wie bereits einige Jahre zuvor, der Graf den Verkauf von Sandstein aus den „soo genoemde Cuijlen van Joncker van Beveren“ in die Niederlande zugelassen haben soll. Dies wiederspräche dem Vertrag, den der Graf mit dem Vorgänger Berckelius, dem Advocaten fiscal van den Brocke abgeschlossen habe. Dessen Vertrag wurde von Berckelius übernommen. Berckelius fordert nicht allein die Verhinderung der Auslieferung dieses Steins, sondern auch „de soo genoemde Cuijlen van Joncker Beveren uijt crachte van het eerste artijckel van het aergeroerde Contract, sonde eenigen dilaij, onder de volcomen disposite vande gemelde Erffgenaemen ende die de Actie vercreghen hebben, te stellen.“",#951; #948; #472; Burgmann von Beveren,,FA Bur ,Bent A 1551,unfoliert
1682-06-23,Schreiben des Grafen Ernst Wilhelm zu Bentheim vermutlich an Unbekannt,"Der Graf bezieht sich in seinem Brief auf ein Schreiben vom 1682-06-20. Dieses möchte er erst mit seinen Räten besprechen, bevor er irgendwelche Entscheidungen treffen kann.  Er möchte aber versuchen, einen Steinhandel in das Twente-Gebiet möglich zu machen",#951; #955,,FA Bur ,Bent A 1551,unfoliert
1682-07-08,"Konditionen bezüglich des Steinhandels in die Twente durch Steinhandelsgesellschaft, unterschrieben durch den Grafen zu Bentheim","In fünf Paragraphen wird der Steinhandel in das Gebiet der Twente durch die bisherige Steinhandelsgesellschaft geregelt. Im ersten Paragraphen wird festgelegt, dass jeder Einwohner der Twente sich beim Drosten der Landschaft melden muss, und erst nach Angaben von „sijnen naem, woonplaetse, de quantietijt ende soorten van Steen, maer oock de plaetse werwaerts deselue vervoort, ende waertoe die gebruijckt sal weerden.“ Der zweite Paragraph macht deutlich, dass dies alles einem Buchhalter angezeigt werden muss, für dessen Arbeit 6 Stüver bezahlt werden müssen. Der dritte Paragraph spezifiziert den Vorgang der Bestellung, diese wird nach Gildehaus gesandt, „aen den persoon, die bij de tegenwoordige compagnie des Benthemschen Steenhandels gequalificeert sal wesen...“ Dieser veranlasst dann die Bestellung. Paragraph 4 bestimmt, dass die Bestellung nicht durchgeführt werden soll, wenn der Bestellende aus Twente falsche Angaben zum Nutzen des Steins gemacht hat. Im fünften Paragraphen wird ein mögliches Fehlverhalten des Gildehauser Buchhalter mit einer Buße belegt.",#951; #758; Droste von Twente,,FA Bur ,Bent A 1551,unfoliert
1683-04-08,"Schreiben von Herman Buer an den Grafen zu Bentheim, Anzeige einer Steinfuhre aus den Gruben von van Beveren","Der Steinmesser Herman Buer notifiziert den Grafen über eine unrechtmäßige Steinlieferung aus den Gruben von Beveren. „dat Jck Morgen freijdag bijn vor socht enne schüte sten tot Meten van Beffern sinen sten tot Nort horn so vorsock Jck wo Jck mij dar in vor holden sal omme dat Ijck Mijnen Eit nit en buten gan en ten allen tijt nijt mach vor brecken.“ Er habe seine geschworenen Steinmesser-Eid nicht gebrochen.
#1","#951; Herman Buer, Burgherr van Beveren",,FA Bur ,Bent A 1551,unfoliert
1683-04-10,Schreiben von Hermann Holscher als Vertreter von Nicolaes Berckelius an den Grafen zu Bentheim bezüglich der unrechtmäßigen Steinlieferung aus den van Bevern´schen Steingruben,"Mitteilung an den Grafen, dass es von Berckelius und Co. mit Verdruss aufgenommen wurde, dass „der herr van Bevvern eine quantiteit van Blockstein vff northorn Hefft latten föhren, ende deselve bey bequamen wasser will auff scheffen laßen dan ock van deselve benohmende kulen velle brochen na loe ende Zwolle gebracht worden...“, Darunter leidet der Gewinn der Steinhandelskompanie und widerspricht darüber hinaus dem Monopolvertrag. Berckelius wendet sich also durch Holscher an den Grafen mit der Bitte, „daß das föhren van den benohmenden Sten mögtte behindert werden...“","#948; #951; Hermann Holscher, Burgherr van Beveren",,FA Bur ,Bent A 1551,unfoliert
1683-04-11,Schreiben Herman von Gesselers an den Grafen zu Bentheim bezüglich Auftreten eines Vertreters der Grafschaft auf dem Landtag in Zwolle,Schreiben wurde in Nienhuß aufgesetzt,"#951; #955;  Dr. Marcquart, Dr. Repperda, Syndicus Wiedenbrugge, Sekretär Stoorp, Gogreve Koefoet",,FA Bur ,Bent A 1551,unfoliert
1683-11-20,nicht gezeichnetes Protokoll an Graf Ernst Wilhelm bezüglich Streit um Steinhandel mit Freiherrn zu Beveren,"Im Streit um den Steinhandel in die Niederlande aus den Gruben des Freiherrn von Beveren auf der Devesburg (bei Rheine) soll der Landesempfänger Hermann von Gesteler als Vermittler fungieren, und einen Vergleich aushandeln",#951; #955; Syndicus Dr. Beesten; Freiherr von Beveren (zur Devesburg),,FA Bur,Bent A 1551,unfoliert
1685-02-23,Konzept an den Kaiserlichen Residenten Norff in Den Haag von unbekanntem Schreiber (evtl. Graf zu Bentheim)  bezüglich des Rechtsstreits um Steinhandel Berckelius gegen van Beveren,"Der Verfasser nimmt Bezug auf den Steinhandelsvertrag zwischen dem Grafen und Berckelius bzw. auch zwischen dem Grafen und Gersteveldt/Kennemer, wodurch die Situation verkompliziert worden sei. Letztlich sein ein Vergleich geschlossen worden, der sich auf den auf die Erlaubnis der Gegner „so viel steine als Sie rathsam vnd von nöthen haben würden brechen vnd abzuführen laßen möchten, welche dißseits als eine contranention des vergleichs desselben geachtet werd wollen weilen auf den Vfer zu Northorn, zu Schwolle und sonsten hin vnd wieder eine große quantität stein davon die Contrahenten nicht nöthig gehabt, zusammen geführt, vnd den contract zumachen zu Justimiert worden...“ Bei zukünftigen Auseinandersetzungen sollen der Kaiserliche Resident in Den Haag und die Herren Staten General eine Lösung suchen. Darüber hinaus geht der Schreiber auch auf den Prozess zwischen dem Grafen und von Beveren vor dem Reichskammergericht in Speyer ein. Von Beveren sei zugestanden worden, Stein ins Ausland zu verkaufen, wogegen nun wieder Berckelius klagen möchte. „daß Er vor einige hende <gewähnlicher> liquidation des abgeführten steins die veverische steinkuhle Ihme in vollen kommenen gebrauch zu leifern oder aber [...] daß Ihme [...] alle kost Schad vnd Interessen so <Sie> dieserhalb geli?. oder noch weiter viel möchten zu vergüten...“",#956; #948; #5724; #5723; Freiherr von Beveren,,FA Bur ,Bent A 1551,unfoliert
1685-02-23,"Bericht des Bentheimer Sekretärs an den Grafen zu Bentheim über Missverhalten von Steinfaktor, Steinmesser und Bergmeister zum Schaden des Steinhandels","Bericht an den Grafen. Der Verfasser betont, dass es durch „Vnachtsamkeit, verseumnus vnd schadliches vberseh[en]...“ zu Problemen im Steinhandel gekommen sei. Es kann nicht ausgeschlossen werden, dass die beteiligten Personen Steinfaktor, Bergmeister und Steinmesser dies zu ihrem eigenen Vorteil ausgenutzt hätten.  Die gräflichen Steinkuhlen seien durch unprofessionelle Ausbeitung „ruiniert vnd verdorben [...] in deme beste ertz gar vnordenlich gebrochen, theils vnnothig zerschmetdert, zerschlagen vnd vmworfen wird...“ Die verantwortlichen Personen, Steinfaktor Adolph Kloppenburg und Franz Holscher, den Bergmeister [kein Name bekannt] und der Steinmeßer Herman Buer sollen 15 Goldgulden Strafe zahlen, und diese zu einer strengeren Aufsicht anzuregen, dann können sie selbst Strafen verteilen.",#951; Adolph Kloppenburg; Franz Holscher; Herman Buer,,FA Bur ,Bent A 1551,unfoliert
1685-02-23,Konzept über Verordnung an die Steinfactoren bezüglich Steinhandel,"Den Steinfaktoren wird vorgeworfen, trotz gelagerter Steine am Ufer der Vechte, täglich weiteren Stein aus den in den Gruben zu brechen, es sollten aber zuvorderst die Steine an der Vechte verkauft und abgeschifft werden. Veranlassung von Brucharbeiten soll nur gegeben werden, falls „es wehre dan den einige benöthigte <newe> sortirung aus den <steinkuhlen>...“ Darüber hinaus verschafften sich die Steinfaktoren einen wirtschaftlichen Vorteil, da sie „einige Kaufleut[en] steine abführen laßen, anderen aber ein sölches nicht gestalden wöllen...“ Dieses Verhalten soll eingestellt werden.","Adolph Kloppenburg, Herman Holscher",,FA Bur ,Bent A 1551,unfoliert
1686-02-18,Beauftragung von Johan Conradt Norff durch den Grafen zu Bentheim einen Vergleich mit Nicolaes Berckelius bezüglich des Steinhandels derer von Beveren auszuhandeln,"Beauftragung des „Cuhrfürstl Cölnischen Rhat unndt Residenten in s Gravenhagen, Herrn Johan Conradt Norff“ zusammen mit dem Abgesandten des Grafen Herman von Gesler mit Nicolaus Berckelius über den Steinhandel zu verhandeln. Es war zu einem Konflikt gekommen, da dem Freiherrn von Beveren der freie Handel seines Sandsteins in die Niederlande  erlaubt worden war. Der Graf schlägt mindestens sechs Kompromisspunkte vor. 1. Könnte Berckelius für jeden Fuß Stein, welcher von von Beveren  abgeschifft wird, 1-3 Stüver erhalten. 2. Verringerung des eigenen Stüvergeldes pro Fues. 3. er könnte einen Nachlass auf das Schutengeld erhalten. 4. Möglichkeit einen Teil der jährlichen Pacht zurück zu erhalten bzw. einer Recognition von jährlich ca. 500 oder 600 Gulden; 5. Erhöhung der jährlichen Steinausbeute für die Kompanie Berckelius zwischen 1000 und 1500 Fuß. 6. Das die Verzinszung des an den Grafen gezahlten Kapitals von 3% auf 4 oder 5% erhöht wird",#951; #956; #955; #948; Freiherr von Beveren,,FA Bur ,Bent A 1551,"unfoliert, vermutlich fehlt mindestens eine Zwischeseite"
1686-04-25,Auftrag des Grafen von Bentheims an Herman von Gesler nach Amsterdam zu Reisen um dort mit Nicolaus Berckelius einen Vergleich zu schließen,"Herman von Gesler soll auf Bitten des Residenten Johan Conradt Norff nach Amsterdam reisen, um erneut Unterhandlungen mit Nicolaus Berckelius zu zuführen. Dabei sollen insbesondere 5 Punkte zur Sprache kommen. In Punkt eins bestätigt der Graf, dass der untreue Steinmesser entlassen werden soll, und in Zukunft auch Berckelius dafür Sorge tragen muss, dass ehrliche Personen in den Brüchen angestellt werden. Punkt zwei macht deutlich, dass der Stein am Ufer der Vechte innerhalb von 2 bis 3 Jahren vorrangig abzuführen ist, da er die Einwohner behindere. Punkt 3 soll der Verschwendung von Steinmaterial im Bruch einhaltgebieten. Auch nicht Maßgerechte Steine sollen möglichst abgeführt werden. In Punkt 4 wird deutlich, dass der Freiherr von Beveren weiter seinen eigenen Steinhandel betreiben darf, dass Berckelius dafür aber eine Entschädigung zusteht. Punkt 5 beschließt den Text mit der Aufforderung an den Gesandten, alles zu tun, um den Sandsteinhandel zu fördern",#955; #951; #956; #948; Freiherr von Beveren,,FA Bur,Bent A 1551,unfoliert
undatiert,Memorial über mündliche Zustimmung von Nicolas Berkelius zu den am 1686-04-25 festgelegten Punkten,"Das Memorial richtet sich an den Grafen. In ihm ist festgehalten, dass in den Verhandlungen mit Berckelius  bezüglich des Konflikts über den Steinhandel des Freiherrn von Beveren. Berkelius hat sich zu den strittigen Punkten geäußert, allerdings keine schriftliche Bestätigung gegeben. Bezüglich der Bestrafung und Entlassung des untreuen Steinmessers bestätigt Berckelius, dass er ebenfalls Maßnahmen getroffen hat. Im Zusammenhang mit dem 2. Punkt verspricht er mündlich, dass er die Steine am Ufer der Vechte in Nordhorn, sobald er sie übertragen bekommen habe, abführen werde. Zum 3. Punkt nennt Berckelius Herman Holscher als seinen Aufseher in den Steinbrüchen, der die Situation dort überwachen und auf die vom Grafen angesprochenen Dinge eingehen wird. [weitere Seiten sowie Datum fehlen]",#948; #951; Freiherr zu Beveren; Hermann Holscher,,FA Bur ,Bent A 1551,unfoliert
1685-04-25,Vertrag zwischen Graf Ernst Wilhelm zu Bentheim und Nicolaes Berckelius bezüglich des Bentheimer Steinhandels,"Vertrag wurde anlässlich des Streites um den Steinexport des Freiherrn zu Beveren in die Vereinigten Niederlande geschlossen, da sich Berckelius nicht mit dem Wegfall seiner Monopolstellung durch die Gerichtsentscheide des Reichskammergerichts in Speier zufrieden geben wollte. Der Vertrag besteht aus sechs Paragraphen, wobei der erste festschreibt, dass diejenigen Punkte des Vertrags von 1656 bestehen bleiben, welche nicht expliziet im neuen Vertrag angesprochen werden. Der zweite Paragraph legt fest, dass die Steinhandelskompanie unter Berckelius den Steinhandel des Freiherrn zu Beveren akzeptieren muss, da die Gerichtsentscheide vom 1681-05-18, 1682-07-07, 1684-07-07, 1685-04-03 dem Freiherrn zu Beveren den Abbau und Handel von Sandstein aus seinen Ländereien erlauben. Eine Arrestierung der Steine ist den Vertragsnehmern verboten. Paragraph drei stellt sicher, dass der Graf keine Kuhlen auf dem Grund des Freiherrn verpachten darf, dem Freiherrn wiederum wird es verboten, Kuhlen, deren Abbau ausgeschöpft und die nur noch auf gräflichem Boden Gewinn erzielen würden, über seinen Grund und Boden hinaus auszubeuten. Paragraph vier verpflichtet den Grafen, das Gebiet „Heddische stück“ am Gildehauser Berg in seinen Besitz zu bringen. Paragraph fünf bestätigt die Erneuerung des Vertrags von 1656, wobei der Vergleich zwischen Berckelius und dem Grafen bezüglich des Steinhandels von zu Beveren berücksichtigt werden soll. Der neue Vertrag soll 1686 in Kraft treten und ist auf eine Laufzeit von 18 Jahre angelegt. Jährlich sollen mindestens 40000 Fuß abgebaut werden, darunter Blockstein und Kleingut. Pro Jahr kann allerdings eine unterschiedliche Menge abgebaut werden, wenn alle Steine eines Abbauzeitraums regelmäßig auf der Vechte abgeschifft werden. Hinweis auf den Verfall des Vertrages nach 8 Jahren bzw. nach der Amortisierung des an den Grafen gezahlten Kredites. Paragraph sechs beschreibt, dass die Vertragsnehmer darüber hinaus auch andere Sorten von Stein je nach Bedarf brechen lassen dürfen, ohne eine Hinderung durch den Grafen zu erfahren. Es werden die Gebühren festgelegt: Für jeden Fuß Blockstein -> 2 Stüver, das Kleingut -> ein Stüver. Hinzu kommt das Schutengeld.",#951; #948; #472; Freiherr von Beveren,,FA Bur ,Bent A 1551,unfoliert
1686-05-11,"Rechnungsübersicht über die „Liquidation des Steinhandels zwischen 1682 und 1685, unterzeichnet von Nicolaes Berkelius und Herman von Gesler, Vertreter des Grafen von Bentheim","Angaben über die bisherigen Zahlungen der Steinhandelskompanie Berckelius an den Grafen von Bentheim für die Jahre 1682, 1683, 1684 und 1685. Dabei wird das erhaltene Geld immer mit dem Kredit, den der Graf erhalten hat, verrechnet. Anno 1682 wurden 9299 ¾ Fuß Blockstein und 653 Fuß Kleingut von Nordhorn verschifft und für 13 ganze, 22 halbe und 6 Almeloer Schuten Schuitgeld bezahlt. 1683 wurden 11965 ½ Fuß Blockstein und 981 Fuß Kleingut in 21 ganzen, 22 halben und 2 Almeloer Schuten abgeschifft. Anno 1684 wurden 11723 ½ Fuß Blockstein, 298 ¼ Fuß Kleingut in 19 ganzen, 24 halben und 1 Alemloer Schute abgeschifft. Anno  1685 wurden 27449 ¼ Fuß Blockstein, und 2774 Fuß Kleingut in 48 ganzen, 61 halben und 5 Almeloer Schuten abgeschifft. ",#948; #951; #955,,FA Bur ,Bent A 1551,unfoliert
1693-01-15,Anordnung von J.B. v. Etzbach und F. A. Riccius an Steinfaktor Koppenburg Stein erst nach Visitation abführen zu lassen,"Der Steinfaktor erhält den Befehl, die vorhandenen Steine, welche bereits am Ufer der Vechte liegen und nicht von der Steinhandelskompanie als Handelsgut akzeptiert werden, durch andere Personen kaufen und abführen zu lassen. Allerdings soll dies erst nach einer Begutachtung der Steine geschehen. Falls es zu Streitigkeiten zwischen der Kompanie und den anderen Interessierten komme, soll der Faktor die Begutachtung veranlassen, und keine Abfuhr erlauben, bis sich die Parteien geeinigt haben.","#12482; J.B. v. Etzbach, Steinfaktor Kloppenburg",,FA Bur,Bent A 1551,unfoliert
undatiert,Schreiben der Witwe Jan Stuirman an den Grafen bezüglich der Abfuhr alter Steine und deren Behinderung durch den Steinfaktor Kloppenburg,"Die Witwe Stuirman wendet sich an den Grafen, da ihr zwar erlaubt worden sei, alten Stein in einigen Schuten abzuschiffen, dieses aber durch den Steinfaktor Kloppenburg verhindert wird. Es erfolgt die Bitte an den Grafen, dem Steinfaktor die Herausgabe der Steine zu befehlen. [Scheinbar muss Kloppenburg selbst für den Abtransport zahlen, und möchte dies nicht]
Verknüpfungswunsch: #5732","#951; Witwe Jan Stuirmann, Erben Wernings, Steinfaktor Kloppenburg",,FA Bur ,Bent A 1551,unfoliert
1693-02-16,"Bericht/Notiz von Riccius bezüglich der Klage von Steinmesser Stüerman, Berndt Ambßhoff und Co. über Behinderung ihrer Steinabfuhr durch Steinfaktor Kloppenburg","Riccius notiert die Klage der Steinmesser Stürman, Berndt Ambßhof und Co. über den Steinfaktor Kloppenburg, da dieser den Klägern die versprochenen 5 Schuten zum Abtransport des am Ufer lagernden Steins  verweigere. Riccius verlagt einen Bericht von Kloppenburg zu diesem Sachverhalt. Darüber hinaus sänke der Wasserstand, was einen Transport schwieriger gestalten würde.
Verknüpfungswunsch: #5732","#12482; Steinmesser Stüerman, Berndt Ambßhof, Steinfaktor Kloppenburg",,FA Bur ,Bent A 1551,unfoliert
1693-02-16,Bericht von Adolph Koppenburg bezüglich Beschwerde von Steinmesser Stüerman und Co.,"Kloppenborg erklärt, er wäre höchst erstaunt über die gegen ihn vorgebrachten Vorwürfe durch Stüerman und Co., da er nur dem Befehl der Beamten folge und die Steine derzeit begutachte. Die Abschiffung könne nach Abschluss dieses Vorganges bald möglichst geschehen.","Stüerman, Adolph Kloppenburg",,FA Bur ,Bent A 1551,unfoliert
1693-02-16,Bericht des Riccius über den Streit zwischen Stüerman und Co. und Kloppenburg,"Riccius bezieht sich auf die Berichte des selben Tages und stellt klar, dass auf Grund des sinkenden Wasserstands und der dadurch entstehenden Gefahr für ein Schiffsunglück der Abtransport der Steine nötig wird. Kloppenburg solle dieses deshalb nicht verweigern.","#12482; Steinmesser Stüerman, Adolph Kloppenburg",,FA Bur ,Bent A 1551,unfoliert
1693-02-17,Anordnung einer Strafzahlung Adolph Koppenburgs wegen Verweigerung der Abschiffung von altem Stein durch die Beamten J. B. v. Etzbach und F. A. Riccig,"Da Kloppenburg auf einen Befehl vom 1693-01-15 nicht reagiert habe und „vnter aller handt nichtigen praetexten die abfuhr der steine tardirt“ wurde, wird der Steinfaktor Kloppenburg mit einer Bußgeldzahlung von 50 Goldgulden belegt, und ihm befohlen „angesicht dieses die schuiten anzulegen; sonst dem Richtern hiedurch befehlendt, die schuiten zu abfuhr der steine anlegen zu laßen...“","#12482; Adolph Kloppenburg, J. B. v. Etzbach",,Fa Bur ,Bent A 1551,unfoliert
1693-12-17,Anordnung einer Strafzahlung des Steinfaktors Kloppenburg durch F. A. Riccius,"„dem Steinfactore Kloppenburg wirt obigen Befelch  [vom 16930115] seines einhalts zu geleben nochmahl poena arbitraria ahnbefohlenvnd sol beim Verweigerungsfall Richtern zu Northorn daß diesen also gelebt werden, feflectiren, Bentheim, d. 17. Xbr. 693 V.t. F. A. Riccius.“",#12482; Steinfaktor Kloppenburg,,FA Bur ,Bent A 1551,unfoliert
1695-03-03,Fragment eines Konzepts an den Grafen zu Bentheim geschrieben vom Kaiserlichen Residenten in Den Haag Johan Conradt Norff,"Über den Inhalt des Fragments ist kaum etwas herauszufinden. Im Postscriptum wird aber auf eine Meinungsverschiedenheit zwischen dem Grafen und Nicolaes Berckelius eingegangen, welche evtl. durch die Vermittlung eines Herrn von Opdam gelöst werden könne. Norff will die Antwort des Grafen abwarten, bevor er mit von Opdam spricht","#948; #956; Herr Crampricht, Herr von Opdam, ",,FA Bur ,Bent A 1551,unfoliert
1695-07-02,"Aufstellung der Steinabnahmen und Kosten der Steinhandelskompanie zwischen 1657 und 1671, anlässlich des Todes von Nicolaes Berckelius",Stammt aus einem Rechnungsbuch von Nicolaes Berckelius. „Facture wat quantitijt van Stien van 1657 tot 1671 os afgesonden van Noorthoorn op Swoll voor Reckeninge van Oom den Fiscael P vanden Broecke als volgt van Jaar tot Jaar.“  Es werden die Jahre zwischen 1657 und 1671 abgebildet.,#948; #12457;  ,,FA Bur ,Bent A 1551,unfoliert
1700,Vertragsentwurf  zwischen Grafen Arnold Moritz Wilhelm zu Bentheim und einem noch nicht bekannten Erben Berckelius' über Steinhandel,"Vertragsentwurf für Steinhandel in der Grafschaft Bentheim. Vertragspartner sind Graf Arnold Moritz Wilhelm zu Bentheim, Neffe des verstorbenen Ernst Wilhelm zu Bentheim und ein noch nicht bekannter Erbe Nicolaes Berckelius. Dem Vertragsnehmer wird ein Monopol auf den Handel von Sandstein in die Vereinigten Niederlande genehmigt. Abgaben an den Grafen sollen für die verschiedenen Steinsorten entrichtet werden. Stein aus Gildehauser Gruben: „den kantigen oder cubits fues blocksteine <der stück> 5 fues lang oder weniger, nach reinländischer mark fur 9 ß. Wan aber die stück über 5 fues lang & zu Statuen & dergleich[en] brauchbahr sein, <d fues fur> 15 ?; [ Lücke im Text? ] den kantigen fues deck <finster> & flohr steine, fur 6 ?, den fues mauer steine fur 4 ?, den fues brocken /: dem 20 fues auf ein fuder gerechnet werden, fur 3 ß. Stein aus Bentheimer Gruben: „den kantigen fues blocksteine fur 8 ß zu statuen 14 ß, deck finster & flohrsteine fur 5 ß mauersteine fur 3 ß brocken fur 1 ß 6 d. Hinzu kommt das Schütengeld für 20 ß pro 100 Fuß. Das Geld soll in niederländischen Münzen bezahlt und direkt in den Kuhlen oder am Ufer in Nordhorn entrichtet werden. Die Vertragsnehmer garantieren eine Abnahme von mindestens 5000 Kubikfuß im Jahr und zahlen 200 000 Gulden im Vorraus. Sie bekommen dafür 2% im Jahr verzinst und eine Verrechnung ihrer Jährlichen Abgaben an den Grafen. Der Vertrag soll bis zur Amortisierung des gezahlten Kapitals gültig bleiben. Nicht unterzeichnet.",#952; #951; #948,,FA Bur ,Bent A 1551,unfoliert
1709-06-30,Rechtsstreit über Steinhandel zwischen dem Grafen zu Bentheim und den Erben van den Broeck,"Im Namen der Kinder des verstorbenen Grafen Ernst Wilhelm zu Bentheim sollen die Erben van der Broek, namentlich Michael van den Broek, Clara Berkelius und weitere Anteilseigner, welche den Bentheimer Steinhandel in die Vereinigten Provinzen betreiben, vor dem Gericht erscheinen, um dort endgültig über die Fortsetzung des Steinhandelsvertrag zu entscheiden. Der Bentheimer Kanzler deutet an, dass dieser Vertrag aufgelöst werden soll. Der Gerichtstermin wird auf den 1709-07-30 festgelegt.",#12482;  #12483; #951; #952; #12484; #961; #960; Nicolaus Wilhelm Pöttken; Geradus Becker,,FA Bur,Bent A 1551,unfoliert
1709-07-24,Erklärung von Michael van den Broek und Co. bezüglich des Rechts der Vertreter des verstorbenen Grafen zu Bentheim über den Sandsteinhandel in die Niederlande zu bestimmen,"Das Schreiben bezieht sich auf einen Kompromiss, der am 1702-09-08 zwischen Michael van den Broeck, der auch Bevollmächtigter von Clara Berckelius, Witwe von Abraham de Vrijer ist, als Direktor der Holländischen Steinhandelskompagnie und der Gräfen Johanetta Francisca zu Bentheim, geborene von Manderscheit etc. als Vormund ihrer Kinder, bzw. nach ihrem Tod der Graf Franz Georg von Manderscheit. Über diesen Kompromiss ist am 1707-10-09 eine weitere Diskussion aufgetreten, bzw. eine Widerklage. [Unklar, ob es die Steinhandelskompanie oder der Graf zu Manderscheit ist, die/der die Klage einreicht. Den vertretenden Landesherren wird zugesagt, über den Stein als gräfliches Eigentum zu bestimmen und den Handel mit ihm vergeben zu dürfen. Dabei geht es vermutlich auch um das Monopol für den Niederlande-Handel.]",#12484; #953; #949; Gijsbert de Cretser (Notar Den Haag); Jacobus van den Ende (Notar),,FA Bur,Bent A 1551,unfoliert
1754-06-18,Schreiben eines Zusammenschlusses von Geldgebern bezüglich der Rückzahlung und der Aufhebung des Steinhandels durch Johann Joseph Wessels und Dirk Engelberts,"Die Unterzeichner fordern die Rückzahlung von 755 Gulden durch Wessels und Engelberts, darüber hinaus sei ein Vertrag bezüglich des Steinhandels ausgelaufen","#5728; Johann Joseph Wessels, Dirk Engelberts, Jan Barend Primmelich, Maria Leijdack (Witwe von Fredrik Stegman), Paulus Stegman (Fredriks Sohn), Witwe Lodeweijck van Graeste[?] (geborene Frantzen), Witwe Thieleman Theilemans",,FA Bur ,Bent 1551,unfoliert
undatiert,Schreiben der Zwoller Steinhändler an die städtische Regierung von Zwolle mit Aufforderung mit dem Grafen von Bentheim über Steinhandel zu verhandeln,"Steinhändler aus Zwolle betonen, dass bald ein Vertrag zwischen dem Grafen v. Bentheim und holländischen Steinhändlern auslaufe, und ein Folgevertrag verhandelt werde. Um trotz allem weiterhin am Steinhandel teilzunehmen, möchten die Zwoller Steinhändler, dass Ratsmitglieder nach Bentheim entsandt werden, um ihre Position bei den Verhandlungen zu vertreten.",#12239,,ZWHCO,0700 Inv. 712,unfoliert
undatiert ,Mitteilung der Zwoller Steinhändler an den dortigen Rat über evtl. Nachteile im Steinhandel durch holländische Kaufleute und deren Faktor (Bürgermeister von Hasselt),"Mitteilung darüber, dass der Steinmesser von Zwolle, Booris Claesz, erfahren hat, dass die holländischen Steinhändler den Bürgermeister von Hasselt, Jacob Cotgies als ihren Faktor in der Region angenommen haben.  Dadurch würde die Wirtschaft in Zwolle generell geschwächt, da der Steinhandel von Bentheim und Hasselt aus dirigiert würde. Die Absender bitten den Zwoller Rat, sich mit einem Schreiben an den Grafen zu Bentheim zu wenden und sich dafür einzusetzen, den Stapel für Bentheimer Stein in Zwolle zu belassen",#12241; #5733;  Jacob Cotgies (Bürgermeister zu Hasselt),,ZWHCO,0700 Inv. 712,unfoliert
undatiert ,Schreiben eines unbekannten Verfassers an die Zwoller Regierung bezüglich des Steinmessers und der Verlegung des Steinstapels zurück nach Zwolle,"Hinweise auf das Messen des Bentheimer Sandsteins. Der vereidigte Steinmesser Boris Claesz. hatte seit langem die Aufgabe, den Stein in Zwolle nach dem dortigen Maß zu messen, in anderen Provinzen würde das ebenso getan. „utgesondert de stadt Amserdam, alwaer voor einige jaeren de Regeeders van gelyhen de Mathe becomen, en d[inant?] van haer Ingesetenen daermet gebeneficieert hebben” Die Zwoller Kaufleute haben für 1000 Fuß Stein je 3 Gulden gezahlt bzw. 4 Gulden bevor der Steinhandel nach Hasselt verlegt wurde. Dort war bisher kein Steinmesser vorhanden, weshalb der Graf von Bentheim einen solchen in Nordhoorn angestellt hat und dort pro Fuß einen ½ Stüver verlangt. Der Steinhändler Spiering möchte den Steinstapel nun wieder nach Zwolle verlegen und dafür 25 000 Gulden zahlen. Dafür möchte er aber Sonderkonditionen erhalten und nur 3gl-2 ½ st-0 pen pro 1000 Fuß bezahlen, wohingegen die Einheimischen weiterhin 4 gl zahlen müssen. Dies widerspräche dem alten „recht en gebruych van Mathe alhyr“
Verknüpfungs: #5726",#951; #639; #12239; #5733 ,,ZWHCO,0700 Inv. 712,unfoliert
undatiert ,Zwoller Steinhändler an Rat der Stadt Zwolle bezüglich Neubesetzung des Steinmesseramtes,"Auf Grund der Krankheit vom bisherigen Steinmesser Willem Janssen, war ein Vertreter angestellt worden. Dafür hat Janssen Boris Claesz. vorgeschlagen, der das halbe Gehalt bekam und sich sehr gut angestellt hatte. Willem Janssen scheidet nun grundsätzlich aus dem Dienst aus und die Zwoller Händler schlagen dem Rat nun Boris Claesz als neuen geschworenen Steinmesser vor.",#5735; #5734; #12485; #5737; #5736; #5733; #5727,,ZWHCO ,0700 Inv. 712,unfoliert
undatiert ,Bericht eines unbekannten Verfassers an einen unbekannten Adressaten (vermutl. Rat von Zwolle) über Streitigkeiten zwischen Zwoller Steinhändlern und den Kuhlherren/Steinhändlern der Grafschaft Bentheim,"Es ist zu einem Konflikt zwischen Zwoller Steinhändlern und Kuhlherren und Steinhändlern der Grafschaft Bentheim gekommen, in die auch der Graf von Bentheim und die Stadt Zwolle verwickelt sind. Als Vertreter der Stadt Zwolle sei nun ein Dr. Sola nach Bentheim geschickt worden. Ein Herman Lamberchen wird auch genannt","#951; #12239;  Dr. Sola, Herman Lamberchen/Lamberts",,ZWHCO ,0700 Inv. 712,unfoliert
undatiert,Schreiben der Zwoller Steinhändler an den Rat von Zwolle mit der Bitte einen Gesandten zur Verhandlung über Steinhandel in Grafschaft Bentheim zu schicken,Bezug zu Streitigkeiten zwischen Zwoller Steinhändlern und den Kuhlherren/Steinhändlern  der Grafschaft Bentheim. Bezahlung von Advokat Sola soll seinen Diensten angepasst werden und evtl. jemand neues nach Bentheim geschickt werden.,"#12239, Dr. Sola (Advokat)",,ZWHCO ,0700 Inv. 712,unfoliert
nach 1643 ,Mitteilung der Zwoller Steinhändler an den Zwoller Rat über ihre Abmachung mit dem Grafen zu Bentheim und den ihnen vorgeworfenen Zahlungsverzögerungen,"Die Steinhändler von Zwolle wenden sich an den Rat von Zwolle, um in einem Streit mit den Kaufleuten Jan Mueynsits und Jan Dalhoff aus der Grafschaft Bentheim um Unterstützung zu bitten. Die Kaufleute haben die Zwoller beschuldigt ihren Zahlungsverpflichtungen nicht nach zu kommen, die im Zusammenhang mit dem Kauf von Bentheimer Sandstein seit 1643 aufgetreten sind. Dabei nehmen sie Bezug auf einen 1643 abgeschlossenen 3-Jahres-Vertrag über die jährliche Abnahme von 68 000 Fuß sandstein, der ihnen auch das Handelsmonopol in die Niederlande sichert mit Ausnahme des Stifts Münster, der Grafschaft, Drostamt Conoenth und der Stadt Deventer, die per Asse beliefert werden können. Auch Stein für den gräflichichen Eigenverbrauch und für die Stadt Emden fallen nicht darunter. Zwoller Kaufleute betonen, dass sie bereits bezahlt hätten, zu dem noch einen relativ hohen Preis. Der Rat von Zwolle soll nun an den Grafen schreiben, um diesen Konflikt auszuräumen, da der Graf wahrscheinlich falsch von seinen Kuhlherren unterrichtet worden sei.",#12239; #951; Berch. Jan [Mueynsits/Nieymete?] und Jan Dalhoff (Kaufleute der Grafsch. Bentheim),,ZWHCO,0700 Inv. 712,unfoliert
undatiert,"Schreiben der Zwoller Steinhändler an den Rat zu Zwolle mit der Bitte einen Abgesandten nach Bentheim zu schicken, der die Interessen der Zwoller Steinhändler gegenüber den Holländern vertreten soll","Ein Brief des Rates von Zwolle ist zusammen mit dem Gesandten [Dom?] Arent Numettrgesell nach Bentheim gesandt worden. Dieser Gesandte  wurde gewahr, dass  zur selben Zeit „eenige Cooplieden ofte derselver Volmachtigers uyt hollant aent Graeffl: hoff toe Bentheim syn gecomen, ende daeglicx anhouden omme die Steen te coopen...“ Dies wäre zum Nachteil der Stadt Zwolle, für alle Bürger, Einwohner und die Schifffahrt. Bitte an den Rat eigene Abgeordnete nach Bentheim zu schicken und sich für ein Weiterbestehen des Steinhandels mit Zwolle einzusetzen.",#12239; Arent Numettrgesell,,ZWHCO,0700 Inv. 712,unfoliert
vor 1652-10-22,Kopie eines Schreibens von Joan Mainharts an Graf zu Bentheim bzgl. eines Rechtsstreits mit Zwoller Steinhändlern,"Schreiben von Joan Mainharts an Grafen zu Bentheim über den Prozess, den die Steinhändler von Zwolle wegen einer vorgestreckten Geldsumme anstreben. Eine Entscheidung soll am 1652-10-22 fallen. ",#12239; #951; Joan Meinharts.,,ZWHCO ,0700 Inv. 712,unfoliert
undatiert (in oder nach 1673),Schreiben eines Unbekannten (evtl. Burgherr van Beveren) an Unbekannt bezüglich eines Prozesses über die Arrestierung von Sandstein durch Michael van den Broeck,"Bezugnahme auf den Vertragsschluss zwischen dem Grafen zu Bentheim und Michael van den Broeck am 1656-10-22. Hinweis auf Probleme im Jahr 1672. In diesem Jahr soll befunden worden sein, dass van den Broeck die Steinkuhlen nicht wie gewünscht ausbeutet und dem Verpächter schadet. Darüber hinaus habe van den Broeck die Arrestierung von Stein veranlasst, die Burchart Harmen Geestevelt und Willem Kennemer aus den Steinkuhlen des  Verfassers gebrochen und mit einem „paspoort van sijne Hoocheijt den Heere Prince van Orange daer van eenige naer Amsterdam doen brengen...“ lassen. Verfasser betont, dass van den Broek nicht das Recht habe, Handel mit Stein aus des Verfassers Eigentum in die Niederlande zu unterbinden",#472; #5723; #5724;  Prinz von Oranije,,FA Bur ,Bent A 1551,unfoliert
undatiert,Schreiben eines Unbekannten an den Kurfürsten zu Köln mit der Bitte um ein Empfehlungsschreiben an das Reichskammergericht bezüglich Verbots von Steinhandel nach Holland,"Der Verfasser geht auf bereits zuvor vom Grafen von Bentheim vorgebrachte Argumente für die Rechtmäßigkeit seiner Monopolvergebung für den Sandsteinhandel in die Niederlande an eine Steinhandelskompagnie ein, betont aber, dass das Reichskammergericht in Speyer die Ansprüche des Grafen auf ein Sandsteinregal abgelehnt habe. Der Verfasser bittet den Kurfürsten zu Köln nun um ein Empfehlungsschreiben, um noch zu seinem Recht des Steinabbaus und Handels in die Niederlande zu gelangen. Er schreibe an ihn „auss Vhrsachen dass g.d.t.r. Herr Graff mich in seiner Graffschafft behinnderen will, auff meinem Eigenthumblichen privat gunde gemeine Bawsteine zu brechen oder zu graben yndt solche zu verkauffen, undt dass wegen viel herfur gesuchete yndt mit gross[em] fleiss zu sahmmen geklaubete nichttige fast lecherliche einreden...“",#951; Kurfürst von Köln,,FA Bur ,Bent 1551,unfoliert
undatiert,"Unbekannter Verfasser schreibt an Grafen von Bentheim 15 Paragraphen, die mit der Kompanie Berckelius verhandelt werden sollen","Zum einen wird auf den mit der Kompanie Gestevelt geschlossenen Vertrag zum Thema Steinhandel hingewiesen, dann werden 15 Paragraphe aufgeführt, in denen es um die Wirtschaftlichkeit des Vertrags und die möglichen Gewinne für den Grafen geht. Strittig, ob die Kompanie diese Punkte erfüllen kann und will. Paragraph 6 enthält Hinweise auf Brechen von Stein nach einer Liste der Steinhandelskompanie und das Vermessen der Steine durch einen Bentheimer Steinmesser in Nordhorn.  „Over dese conditien ende poincten soude men mijns erachtens ende wat meerde tot vordeel van sijn Hoochgraeff[lijcke] Excell[entie] soude konnen Strecken bij provisie sijck konnen naerder informeer[en] ende met de vorige Compagnie onder protestatie als voorschr[even] tracteer[en] ende [sie?sien] hoe veere men daer mede soude konnen koemen omme naer befindinge van sijn Excell[entie] geratificeert te worden [...]”",#948; #5723; #951,,FA Bur ,Bent 1551,unfoliert
undatiert (16XX-07-07),Schreiben von Henri Schuitemaker aus Almelo an Hermen Bour bezüglich einer Arrestierung von Stein durch Nicolaes Berckelius,"Schuitenmaker bezieht sich auf zwei Briefe und die Nachricht, dass in Zwolle eine Steinladung durch Berckelius festgesetzt worden sei. Diese war für Hendrik Floris vorgesehen, worunter aber auch einige Steine gewesen sein, welche für den Knecht von Henri Schuitenmaker vorgesehen waren, darunter „tien [?] elf voet putsteen, waer op een viercante kunt most sijn...“ Er hofft, dass Adressat diese Steine binne 14 Tagen liefern kann.","#948; Henri Schuitenmaker, Hermen Bour, Hendrik Floris",,FA Bur ,Bent 1551,unfoliert
